tau_ms,regime,measurement_noise_std,mean_removed,claim_factor,horizon_ms,tolerance,n_sets,n_coherent,n_radial_excluded,n_radial_excluded_coherent,radial_exclusion_rate,coherence_pass_rate,radial_exclusion_given_coherence
2.0,transient,0.0,False,1.0,2.0,0.05,500,500,0,0,0.0,1.0,0.0
2.0,transient,0.0,False,1.0,2.0,0.1,500,500,0,0,0.0,1.0,0.0
2.0,transient,0.0,False,1.0,5.0,0.05,500,500,0,0,0.0,1.0,0.0
2.0,transient,0.0,False,1.0,5.0,0.1,500,500,0,0,0.0,1.0,0.0
2.0,transient,0.0,False,1.0,10.0,0.05,500,500,0,0,0.0,1.0,0.0
2.0,transient,0.0,False,1.0,10.0,0.1,500,500,0,0,0.0,1.0,0.0
2.0,transient,0.0,False,4.0,2.0,0.05,500,0,500,0,1.0,0.0,
2.0,transient,0.0,False,4.0,2.0,0.1,500,0,500,0,1.0,0.0,
2.0,transient,0.0,False,4.0,5.0,0.05,500,0,500,0,1.0,0.0,
2.0,transient,0.0,False,4.0,5.0,0.1,500,0,0,0,0.0,0.0,
2.0,transient,0.0,False,4.0,10.0,0.05,500,0,0,0,0.0,0.0,
2.0,transient,0.0,False,4.0,10.0,0.1,500,0,0,0,0.0,0.0,
2.0,transient,0.0,True,1.0,2.0,0.05,500,500,0,0,0.0,1.0,0.0
2.0,transient,0.0,True,1.0,2.0,0.1,500,500,0,0,0.0,1.0,0.0
2.0,transient,0.0,True,1.0,5.0,0.05,500,500,0,0,0.0,1.0,0.0
2.0,transient,0.0,True,1.0,5.0,0.1,500,500,0,0,0.0,1.0,0.0
2.0,transient,0.0,True,1.0,10.0,0.05,500,500,0,0,0.0,1.0,0.0
2.0,transient,0.0,True,1.0,10.0,0.1,500,500,0,0,0.0,1.0,0.0
2.0,transient,0.0,True,4.0,2.0,0.05,500,0,500,0,1.0,0.0,
2.0,transient,0.0,True,4.0,2.0,0.1,500,0,500,0,1.0,0.0,
2.0,transient,0.0,True,4.0,5.0,0.05,500,0,500,0,1.0,0.0,
2.0,transient,0.0,True,4.0,5.0,0.1,500,0,0,0,0.0,0.0,
2.0,transient,0.0,True,4.0,10.0,0.05,500,0,0,0,0.0,0.0,
2.0,transient,0.0,True,4.0,10.0,0.1,500,0,0,0,0.0,0.0,
2.0,transient,0.03,False,1.0,2.0,0.05,500,0,0,0,0.0,0.0,
2.0,transient,0.03,False,1.0,2.0,0.1,500,0,0,0,0.0,0.0,
2.0,transient,0.03,False,1.0,5.0,0.05,500,0,0,0,0.0,0.0,
2.0,transient,0.03,False,1.0,5.0,0.1,500,0,0,0,0.0,0.0,
2.0,transient,0.03,False,1.0,10.0,0.05,500,0,0,0,0.0,0.0,
2.0,transient,0.03,False,1.0,10.0,0.1,500,0,0,0,0.0,0.0,
2.0,transient,0.03,False,4.0,2.0,0.05,500,0,500,0,1.0,0.0,
2.0,transient,0.03,False,4.0,2.0,0.1,500,0,500,0,1.0,0.0,
2.0,transient,0.03,False,4.0,5.0,0.05,500,0,500,0,1.0,0.0,
2.0,transient,0.03,False,4.0,5.0,0.1,500,0,0,0,0.0,0.0,
2.0,transient,0.03,False,4.0,10.0,0.05,500,0,0,0,0.0,0.0,
2.0,transient,0.03,False,4.0,10.0,0.1,500,0,0,0,0.0,0.0,
2.0,transient,0.03,True,1.0,2.0,0.05,500,0,0,0,0.0,0.0,
2.0,transient,0.03,True,1.0,2.0,0.1,500,0,0,0,0.0,0.0,
2.0,transient,0.03,True,1.0,5.0,0.05,500,0,0,0,0.0,0.0,
2.0,transient,0.03,True,1.0,5.0,0.1,500,0,0,0,0.0,0.0,
2.0,transient,0.03,True,1.0,10.0,0.05,500,0,0,0,0.0,0.0,
2.0,transient,0.03,True,1.0,10.0,0.1,500,0,0,0,0.0,0.0,
2.0,transient,0.03,True,4.0,2.0,0.05,500,0,500,0,1.0,0.0,
2.0,transient,0.03,True,4.0,2.0,0.1,500,0,500,0,1.0,0.0,
2.0,transient,0.03,True,4.0,5.0,0.05,500,0,500,0,1.0,0.0,
2.0,transient,0.03,True,4.0,5.0,0.1,500,0,0,0,0.0,0.0,
2.0,transient,0.03,True,4.0,10.0,0.05,500,0,0,0,0.0,0.0,
2.0,transient,0.03,True,4.0,10.0,0.1,500,0,0,0,0.0,0.0,
2.0,transient,0.1,False,1.0,2.0,0.05,500,0,0,0,0.0,0.0,
2.0,transient,0.1,False,1.0,2.0,0.1,500,0,0,0,0.0,0.0,
2.0,transient,0.1,False,1.0,5.0,0.05,500,0,0,0,0.0,0.0,
2.0,transient,0.1,False,1.0,5.0,0.1,500,0,0,0,0.0,0.0,
2.0,transient,0.1,False,1.0,10.0,0.05,500,0,0,0,0.0,0.0,
2.0,transient,0.1,False,1.0,10.0,0.1,500,0,0,0,0.0,0.0,
2.0,transient,0.1,False,4.0,2.0,0.05,500,0,500,0,1.0,0.0,
2.0,transient,0.1,False,4.0,2.0,0.1,500,0,137,0,0.274,0.0,
2.0,transient,0.1,False,4.0,5.0,0.05,500,0,22,0,0.044,0.0,
2.0,transient,0.1,False,4.0,5.0,0.1,500,0,0,0,0.0,0.0,
2.0,transient,0.1,False,4.0,10.0,0.05,500,0,0,0,0.0,0.0,
2.0,transient,0.1,False,4.0,10.0,0.1,500,0,0,0,0.0,0.0,
2.0,transient,0.1,True,1.0,2.0,0.05,500,0,0,0,0.0,0.0,
2.0,transient,0.1,True,1.0,2.0,0.1,500,0,0,0,0.0,0.0,
2.0,transient,0.1,True,1.0,5.0,0.05,500,0,0,0,0.0,0.0,
2.0,transient,0.1,True,1.0,5.0,0.1,500,0,0,0,0.0,0.0,
2.0,transient,0.1,True,1.0,10.0,0.05,500,0,0,0,0.0,0.0,
2.0,transient,0.1,True,1.0,10.0,0.1,500,0,0,0,0.0,0.0,
2.0,transient,0.1,True,4.0,2.0,0.05,500,0,500,0,1.0,0.0,
2.0,transient,0.1,True,4.0,2.0,0.1,500,0,99,0,0.198,0.0,
2.0,transient,0.1,True,4.0,5.0,0.05,500,0,19,0,0.038,0.0,
2.0,transient,0.1,True,4.0,5.0,0.1,500,0,0,0,0.0,0.0,
2.0,transient,0.1,True,4.0,10.0,0.05,500,0,0,0,0.0,0.0,
2.0,transient,0.1,True,4.0,10.0,0.1,500,0,0,0,0.0,0.0,
2.0,transient,0.3,False,1.0,2.0,0.05,500,0,0,0,0.0,0.0,
2.0,transient,0.3,False,1.0,2.0,0.1,500,0,0,0,0.0,0.0,
2.0,transient,0.3,False,1.0,5.0,0.05,500,0,0,0,0.0,0.0,
2.0,transient,0.3,False,1.0,5.0,0.1,500,0,0,0,0.0,0.0,
2.0,transient,0.3,False,1.0,10.0,0.05,500,0,0,0,0.0,0.0,
2.0,transient,0.3,False,1.0,10.0,0.1,500,0,0,0,0.0,0.0,
2.0,transient,0.3,False,4.0,2.0,0.05,500,0,0,0,0.0,0.0,
2.0,transient,0.3,False,4.0,2.0,0.1,500,0,0,0,0.0,0.0,
2.0,transient,0.3,False,4.0,5.0,0.05,500,0,16,0,0.032,0.0,
2.0,transient,0.3,False,4.0,5.0,0.1,500,0,0,0,0.0,0.0,
2.0,transient,0.3,False,4.0,10.0,0.05,500,0,10,0,0.02,0.0,
2.0,transient,0.3,False,4.0,10.0,0.1,500,0,0,0,0.0,0.0,
2.0,transient,0.3,True,1.0,2.0,0.05,500,0,0,0,0.0,0.0,
2.0,transient,0.3,True,1.0,2.0,0.1,500,0,0,0,0.0,0.0,
2.0,transient,0.3,True,1.0,5.0,0.05,500,0,0,0,0.0,0.0,
2.0,transient,0.3,True,1.0,5.0,0.1,500,0,0,0,0.0,0.0,
2.0,transient,0.3,True,1.0,10.0,0.05,500,0,0,0,0.0,0.0,
2.0,transient,0.3,True,1.0,10.0,0.1,500,0,0,0,0.0,0.0,
2.0,transient,0.3,True,4.0,2.0,0.05,500,0,0,0,0.0,0.0,
2.0,transient,0.3,True,4.0,2.0,0.1,500,0,0,0,0.0,0.0,
2.0,transient,0.3,True,4.0,5.0,0.05,500,0,18,0,0.036,0.0,
2.0,transient,0.3,True,4.0,5.0,0.1,500,0,0,0,0.0,0.0,
2.0,transient,0.3,True,4.0,10.0,0.05,500,0,12,0,0.024,0.0,
2.0,transient,0.3,True,4.0,10.0,0.1,500,0,0,0,0.0,0.0,
2.0,stationary_AR,0.0,False,1.0,2.0,0.05,500,0,2,0,0.004,0.0,
2.0,stationary_AR,0.0,False,1.0,2.0,0.1,500,0,0,0,0.0,0.0,
2.0,stationary_AR,0.0,False,1.0,5.0,0.05,500,0,34,0,0.068,0.0,
2.0,stationary_AR,0.0,False,1.0,5.0,0.1,500,0,0,0,0.0,0.0,
2.0,stationary_AR,0.0,False,1.0,10.0,0.05,500,0,397,0,0.794,0.0,
2.0,stationary_AR,0.0,False,1.0,10.0,0.1,500,0,12,0,0.024,0.0,
2.0,stationary_AR,0.0,False,4.0,2.0,0.05,500,0,500,0,1.0,0.0,
2.0,stationary_AR,0.0,False,4.0,2.0,0.1,500,0,500,0,1.0,0.0,
2.0,stationary_AR,0.0,False,4.0,5.0,0.05,500,0,500,0,1.0,0.0,
2.0,stationary_AR,0.0,False,4.0,5.0,0.1,500,0,299,0,0.598,0.0,
2.0,stationary_AR,0.0,False,4.0,10.0,0.05,500,0,453,0,0.906,0.0,
2.0,stationary_AR,0.0,False,4.0,10.0,0.1,500,0,22,0,0.044,0.0,
2.0,stationary_AR,0.0,True,1.0,2.0,0.05,500,0,1,0,0.002,0.0,
2.0,stationary_AR,0.0,True,1.0,2.0,0.1,500,0,0,0,0.0,0.0,
2.0,stationary_AR,0.0,True,1.0,5.0,0.05,500,0,14,0,0.028,0.0,
2.0,stationary_AR,0.0,True,1.0,5.0,0.1,500,0,0,0,0.0,0.0,
2.0,stationary_AR,0.0,True,1.0,10.0,0.05,500,0,394,0,0.788,0.0,
2.0,stationary_AR,0.0,True,1.0,10.0,0.1,500,0,11,0,0.022,0.0,
2.0,stationary_AR,0.0,True,4.0,2.0,0.05,500,0,500,0,1.0,0.0,
2.0,stationary_AR,0.0,True,4.0,2.0,0.1,500,0,500,0,1.0,0.0,
2.0,stationary_AR,0.0,True,4.0,5.0,0.05,500,0,495,0,0.99,0.0,
2.0,stationary_AR,0.0,True,4.0,5.0,0.1,500,0,230,0,0.46,0.0,
2.0,stationary_AR,0.0,True,4.0,10.0,0.05,500,0,445,0,0.89,0.0,
2.0,stationary_AR,0.0,True,4.0,10.0,0.1,500,0,24,0,0.048,0.0,
2.0,stationary_AR,0.1,False,1.0,2.0,0.05,500,0,0,0,0.0,0.0,
2.0,stationary_AR,0.1,False,1.0,2.0,0.1,500,0,0,0,0.0,0.0,
2.0,stationary_AR,0.1,False,1.0,5.0,0.05,500,0,25,0,0.05,0.0,
2.0,stationary_AR,0.1,False,1.0,5.0,0.1,500,0,0,0,0.0,0.0,
2.0,stationary_AR,0.1,False,1.0,10.0,0.05,500,0,384,0,0.768,0.0,
2.0,stationary_AR,0.1,False,1.0,10.0,0.1,500,0,11,0,0.022,0.0,
2.0,stationary_AR,0.1,False,4.0,2.0,0.05,500,0,500,0,1.0,0.0,
2.0,stationary_AR,0.1,False,4.0,2.0,0.1,500,0,500,0,1.0,0.0,
2.0,stationary_AR,0.1,False,4.0,5.0,0.05,500,0,500,0,1.0,0.0,
2.0,stationary_AR,0.1,False,4.0,5.0,0.1,500,0,275,0,0.55,0.0,
2.0,stationary_AR,0.1,False,4.0,10.0,0.05,500,0,444,0,0.888,0.0,
2.0,stationary_AR,0.1,False,4.0,10.0,0.1,500,0,24,0,0.048,0.0,
2.0,stationary_AR,0.1,True,1.0,2.0,0.05,500,0,0,0,0.0,0.0,
2.0,stationary_AR,0.1,True,1.0,2.0,0.1,500,0,0,0,0.0,0.0,
2.0,stationary_AR,0.1,True,1.0,5.0,0.05,500,0,10,0,0.02,0.0,
2.0,stationary_AR,0.1,True,1.0,5.0,0.1,500,0,0,0,0.0,0.0,
2.0,stationary_AR,0.1,True,1.0,10.0,0.05,500,0,390,0,0.78,0.0,
2.0,stationary_AR,0.1,True,1.0,10.0,0.1,500,0,13,0,0.026,0.0,
2.0,stationary_AR,0.1,True,4.0,2.0,0.05,500,0,500,0,1.0,0.0,
2.0,stationary_AR,0.1,True,4.0,2.0,0.1,500,0,500,0,1.0,0.0,
2.0,stationary_AR,0.1,True,4.0,5.0,0.05,500,0,498,0,0.996,0.0,
2.0,stationary_AR,0.1,True,4.0,5.0,0.1,500,0,202,0,0.404,0.0,
2.0,stationary_AR,0.1,True,4.0,10.0,0.05,500,0,441,0,0.882,0.0,
2.0,stationary_AR,0.1,True,4.0,10.0,0.1,500,0,22,0,0.044,0.0,
2.0,stationary_AR,0.3,False,1.0,2.0,0.05,500,0,0,0,0.0,0.0,
2.0,stationary_AR,0.3,False,1.0,2.0,0.1,500,0,0,0,0.0,0.0,
2.0,stationary_AR,0.3,False,1.0,5.0,0.05,500,0,9,0,0.018,0.0,
2.0,stationary_AR,0.3,False,1.0,5.0,0.1,500,0,0,0,0.0,0.0,
2.0,stationary_AR,0.3,False,1.0,10.0,0.05,500,0,339,0,0.678,0.0,
2.0,stationary_AR,0.3,False,1.0,10.0,0.1,500,0,2,0,0.004,0.0,
2.0,stationary_AR,0.3,False,4.0,2.0,0.05,500,0,500,0,1.0,0.0,
2.0,stationary_AR,0.3,False,4.0,2.0,0.1,500,0,500,0,1.0,0.0,
2.0,stationary_AR,0.3,False,4.0,5.0,0.05,500,0,499,0,0.998,0.0,
2.0,stationary_AR,0.3,False,4.0,5.0,0.1,500,0,217,0,0.434,0.0,
2.0,stationary_AR,0.3,False,4.0,10.0,0.05,500,0,429,0,0.858,0.0,
2.0,stationary_AR,0.3,False,4.0,10.0,0.1,500,0,6,0,0.012,0.0,
2.0,stationary_AR,0.3,True,1.0,2.0,0.05,500,0,0,0,0.0,0.0,
2.0,stationary_AR,0.3,True,1.0,2.0,0.1,500,0,0,0,0.0,0.0,
2.0,stationary_AR,0.3,True,1.0,5.0,0.05,500,0,5,0,0.01,0.0,
2.0,stationary_AR,0.3,True,1.0,5.0,0.1,500,0,0,0,0.0,0.0,
2.0,stationary_AR,0.3,True,1.0,10.0,0.05,500,0,350,0,0.7,0.0,
2.0,stationary_AR,0.3,True,1.0,10.0,0.1,500,0,4,0,0.008,0.0,
2.0,stationary_AR,0.3,True,4.0,2.0,0.05,500,0,500,0,1.0,0.0,
2.0,stationary_AR,0.3,True,4.0,2.0,0.1,500,0,500,0,1.0,0.0,
2.0,stationary_AR,0.3,True,4.0,5.0,0.05,500,0,494,0,0.988,0.0,
2.0,stationary_AR,0.3,True,4.0,5.0,0.1,500,0,151,0,0.302,0.0,
2.0,stationary_AR,0.3,True,4.0,10.0,0.05,500,0,422,0,0.844,0.0,
2.0,stationary_AR,0.3,True,4.0,10.0,0.1,500,0,7,0,0.014,0.0,
5.0,transient,0.0,False,1.0,2.0,0.05,500,500,0,0,0.0,1.0,0.0
5.0,transient,0.0,False,1.0,2.0,0.1,500,500,0,0,0.0,1.0,0.0
5.0,transient,0.0,False,1.0,5.0,0.05,500,500,0,0,0.0,1.0,0.0
5.0,transient,0.0,False,1.0,5.0,0.1,500,500,0,0,0.0,1.0,0.0
5.0,transient,0.0,False,1.0,10.0,0.05,500,500,0,0,0.0,1.0,0.0
5.0,transient,0.0,False,1.0,10.0,0.1,500,500,0,0,0.0,1.0,0.0
5.0,transient,0.0,False,4.0,2.0,0.05,500,0,500,0,1.0,0.0,
5.0,transient,0.0,False,4.0,2.0,0.1,500,0,500,0,1.0,0.0,
5.0,transient,0.0,False,4.0,5.0,0.05,500,0,500,0,1.0,0.0,
5.0,transient,0.0,False,4.0,5.0,0.1,500,0,500,0,1.0,0.0,
5.0,transient,0.0,False,4.0,10.0,0.05,500,0,500,0,1.0,0.0,
5.0,transient,0.0,False,4.0,10.0,0.1,500,0,500,0,1.0,0.0,
5.0,transient,0.0,True,1.0,2.0,0.05,500,500,0,0,0.0,1.0,0.0
5.0,transient,0.0,True,1.0,2.0,0.1,500,500,0,0,0.0,1.0,0.0
5.0,transient,0.0,True,1.0,5.0,0.05,500,500,0,0,0.0,1.0,0.0
5.0,transient,0.0,True,1.0,5.0,0.1,500,500,0,0,0.0,1.0,0.0
5.0,transient,0.0,True,1.0,10.0,0.05,500,500,0,0,0.0,1.0,0.0
5.0,transient,0.0,True,1.0,10.0,0.1,500,500,0,0,0.0,1.0,0.0
5.0,transient,0.0,True,4.0,2.0,0.05,500,0,500,0,1.0,0.0,
5.0,transient,0.0,True,4.0,2.0,0.1,500,0,500,0,1.0,0.0,
5.0,transient,0.0,True,4.0,5.0,0.05,500,0,500,0,1.0,0.0,
5.0,transient,0.0,True,4.0,5.0,0.1,500,0,500,0,1.0,0.0,
5.0,transient,0.0,True,4.0,10.0,0.05,500,0,500,0,1.0,0.0,
5.0,transient,0.0,True,4.0,10.0,0.1,500,0,500,0,1.0,0.0,
5.0,transient,0.03,False,1.0,2.0,0.05,500,0,0,0,0.0,0.0,
5.0,transient,0.03,False,1.0,2.0,0.1,500,0,0,0,0.0,0.0,
5.0,transient,0.03,False,1.0,5.0,0.05,500,0,0,0,0.0,0.0,
5.0,transient,0.03,False,1.0,5.0,0.1,500,0,0,0,0.0,0.0,
5.0,transient,0.03,False,1.0,10.0,0.05,500,0,0,0,0.0,0.0,
5.0,transient,0.03,False,1.0,10.0,0.1,500,0,0,0,0.0,0.0,
5.0,transient,0.03,False,4.0,2.0,0.05,500,0,500,0,1.0,0.0,
5.0,transient,0.03,False,4.0,2.0,0.1,500,0,500,0,1.0,0.0,
5.0,transient,0.03,False,4.0,5.0,0.05,500,0,500,0,1.0,0.0,
5.0,transient,0.03,False,4.0,5.0,0.1,500,0,500,0,1.0,0.0,
5.0,transient,0.03,False,4.0,10.0,0.05,500,0,500,0,1.0,0.0,
5.0,transient,0.03,False,4.0,10.0,0.1,500,0,500,0,1.0,0.0,
5.0,transient,0.03,True,1.0,2.0,0.05,500,0,0,0,0.0,0.0,
5.0,transient,0.03,True,1.0,2.0,0.1,500,0,0,0,0.0,0.0,
5.0,transient,0.03,True,1.0,5.0,0.05,500,0,0,0,0.0,0.0,
5.0,transient,0.03,True,1.0,5.0,0.1,500,0,0,0,0.0,0.0,
5.0,transient,0.03,True,1.0,10.0,0.05,500,0,0,0,0.0,0.0,
5.0,transient,0.03,True,1.0,10.0,0.1,500,0,0,0,0.0,0.0,
5.0,transient,0.03,True,4.0,2.0,0.05,500,0,500,0,1.0,0.0,
5.0,transient,0.03,True,4.0,2.0,0.1,500,0,500,0,1.0,0.0,
5.0,transient,0.03,True,4.0,5.0,0.05,500,0,500,0,1.0,0.0,
5.0,transient,0.03,True,4.0,5.0,0.1,500,0,500,0,1.0,0.0,
5.0,transient,0.03,True,4.0,10.0,0.05,500,0,500,0,1.0,0.0,
5.0,transient,0.03,True,4.0,10.0,0.1,500,0,500,0,1.0,0.0,
5.0,transient,0.1,False,1.0,2.0,0.05,500,0,0,0,0.0,0.0,
5.0,transient,0.1,False,1.0,2.0,0.1,500,0,0,0,0.0,0.0,
5.0,transient,0.1,False,1.0,5.0,0.05,500,0,0,0,0.0,0.0,
5.0,transient,0.1,False,1.0,5.0,0.1,500,0,0,0,0.0,0.0,
5.0,transient,0.1,False,1.0,10.0,0.05,500,0,0,0,0.0,0.0,
5.0,transient,0.1,False,1.0,10.0,0.1,500,0,0,0,0.0,0.0,
5.0,transient,0.1,False,4.0,2.0,0.05,500,0,500,0,1.0,0.0,
5.0,transient,0.1,False,4.0,2.0,0.1,500,0,486,0,0.972,0.0,
5.0,transient,0.1,False,4.0,5.0,0.05,500,0,500,0,1.0,0.0,
5.0,transient,0.1,False,4.0,5.0,0.1,500,0,500,0,1.0,0.0,
5.0,transient,0.1,False,4.0,10.0,0.05,500,0,499,0,0.998,0.0,
5.0,transient,0.1,False,4.0,10.0,0.1,500,0,0,0,0.0,0.0,
5.0,transient,0.1,True,1.0,2.0,0.05,500,0,0,0,0.0,0.0,
5.0,transient,0.1,True,1.0,2.0,0.1,500,0,0,0,0.0,0.0,
5.0,transient,0.1,True,1.0,5.0,0.05,500,0,0,0,0.0,0.0,
5.0,transient,0.1,True,1.0,5.0,0.1,500,0,0,0,0.0,0.0,
5.0,transient,0.1,True,1.0,10.0,0.05,500,0,0,0,0.0,0.0,
5.0,transient,0.1,True,1.0,10.0,0.1,500,0,0,0,0.0,0.0,
5.0,transient,0.1,True,4.0,2.0,0.05,500,0,500,0,1.0,0.0,
5.0,transient,0.1,True,4.0,2.0,0.1,500,0,460,0,0.92,0.0,
5.0,transient,0.1,True,4.0,5.0,0.05,500,0,500,0,1.0,0.0,
5.0,transient,0.1,True,4.0,5.0,0.1,500,0,500,0,1.0,0.0,
5.0,transient,0.1,True,4.0,10.0,0.05,500,0,496,0,0.992,0.0,
5.0,transient,0.1,True,4.0,10.0,0.1,500,0,0,0,0.0,0.0,
5.0,transient,0.3,False,1.0,2.0,0.05,500,0,0,0,0.0,0.0,
5.0,transient,0.3,False,1.0,2.0,0.1,500,0,0,0,0.0,0.0,
5.0,transient,0.3,False,1.0,5.0,0.05,500,0,0,0,0.0,0.0,
5.0,transient,0.3,False,1.0,5.0,0.1,500,0,0,0,0.0,0.0,
5.0,transient,0.3,False,1.0,10.0,0.05,500,0,0,0,0.0,0.0,
5.0,transient,0.3,False,1.0,10.0,0.1,500,0,0,0,0.0,0.0,
5.0,transient,0.3,False,4.0,2.0,0.05,500,0,0,0,0.0,0.0,
5.0,transient,0.3,False,4.0,2.0,0.1,500,0,0,0,0.0,0.0,
5.0,transient,0.3,False,4.0,5.0,0.05,500,0,9,0,0.018,0.0,
5.0,transient,0.3,False,4.0,5.0,0.1,500,0,0,0,0.0,0.0,
5.0,transient,0.3,False,4.0,10.0,0.05,500,0,24,0,0.048,0.0,
5.0,transient,0.3,False,4.0,10.0,0.1,500,0,0,0,0.0,0.0,
5.0,transient,0.3,True,1.0,2.0,0.05,500,0,0,0,0.0,0.0,
5.0,transient,0.3,True,1.0,2.0,0.1,500,0,0,0,0.0,0.0,
5.0,transient,0.3,True,1.0,5.0,0.05,500,0,0,0,0.0,0.0,
5.0,transient,0.3,True,1.0,5.0,0.1,500,0,0,0,0.0,0.0,
5.0,transient,0.3,True,1.0,10.0,0.05,500,0,0,0,0.0,0.0,
5.0,transient,0.3,True,1.0,10.0,0.1,500,0,0,0,0.0,0.0,
5.0,transient,0.3,True,4.0,2.0,0.05,500,0,0,0,0.0,0.0,
5.0,transient,0.3,True,4.0,2.0,0.1,500,0,0,0,0.0,0.0,
5.0,transient,0.3,True,4.0,5.0,0.05,500,0,5,0,0.01,0.0,
5.0,transient,0.3,True,4.0,5.0,0.1,500,0,0,0,0.0,0.0,
5.0,transient,0.3,True,4.0,10.0,0.05,500,0,19,0,0.038,0.0,
5.0,transient,0.3,True,4.0,10.0,0.1,500,0,0,0,0.0,0.0,
5.0,stationary_AR,0.0,False,1.0,2.0,0.05,500,0,0,0,0.0,0.0,
5.0,stationary_AR,0.0,False,1.0,2.0,0.1,500,0,0,0,0.0,0.0,
5.0,stationary_AR,0.0,False,1.0,5.0,0.05,500,0,20,0,0.04,0.0,
5.0,stationary_AR,0.0,False,1.0,5.0,0.1,500,0,0,0,0.0,0.0,
5.0,stationary_AR,0.0,False,1.0,10.0,0.05,500,0,100,0,0.2,0.0,
5.0,stationary_AR,0.0,False,1.0,10.0,0.1,500,0,6,0,0.012,0.0,
5.0,stationary_AR,0.0,False,4.0,2.0,0.05,500,0,500,0,1.0,0.0,
5.0,stationary_AR,0.0,False,4.0,2.0,0.1,500,0,500,0,1.0,0.0,
5.0,stationary_AR,0.0,False,4.0,5.0,0.05,500,0,500,0,1.0,0.0,
5.0,stationary_AR,0.0,False,4.0,5.0,0.1,500,0,500,0,1.0,0.0,
5.0,stationary_AR,0.0,False,4.0,10.0,0.05,500,0,500,0,1.0,0.0,
5.0,stationary_AR,0.0,False,4.0,10.0,0.1,500,0,496,0,0.992,0.0,
5.0,stationary_AR,0.0,True,1.0,2.0,0.05,500,0,0,0,0.0,0.0,
5.0,stationary_AR,0.0,True,1.0,2.0,0.1,500,0,0,0,0.0,0.0,
5.0,stationary_AR,0.0,True,1.0,5.0,0.05,500,0,10,0,0.02,0.0,
5.0,stationary_AR,0.0,True,1.0,5.0,0.1,500,0,0,0,0.0,0.0,
5.0,stationary_AR,0.0,True,1.0,10.0,0.05,500,0,90,0,0.18,0.0,
5.0,stationary_AR,0.0,True,1.0,10.0,0.1,500,0,4,0,0.008,0.0,
5.0,stationary_AR,0.0,True,4.0,2.0,0.05,500,0,500,0,1.0,0.0,
5.0,stationary_AR,0.0,True,4.0,2.0,0.1,500,0,500,0,1.0,0.0,
5.0,stationary_AR,0.0,True,4.0,5.0,0.05,500,0,500,0,1.0,0.0,
5.0,stationary_AR,0.0,True,4.0,5.0,0.1,500,0,500,0,1.0,0.0,
5.0,stationary_AR,0.0,True,4.0,10.0,0.05,500,0,500,0,1.0,0.0,
5.0,stationary_AR,0.0,True,4.0,10.0,0.1,500,0,495,0,0.99,0.0,
5.0,stationary_AR,0.1,False,1.0,2.0,0.05,500,0,0,0,0.0,0.0,
5.0,stationary_AR,0.1,False,1.0,2.0,0.1,500,0,0,0,0.0,0.0,
5.0,stationary_AR,0.1,False,1.0,5.0,0.05,500,0,9,0,0.018,0.0,
5.0,stationary_AR,0.1,False,1.0,5.0,0.1,500,0,0,0,0.0,0.0,
5.0,stationary_AR,0.1,False,1.0,10.0,0.05,500,0,73,0,0.146,0.0,
5.0,stationary_AR,0.1,False,1.0,10.0,0.1,500,0,5,0,0.01,0.0,
5.0,stationary_AR,0.1,False,4.0,2.0,0.05,500,0,500,0,1.0,0.0,
5.0,stationary_AR,0.1,False,4.0,2.0,0.1,500,0,500,0,1.0,0.0,
5.0,stationary_AR,0.1,False,4.0,5.0,0.05,500,0,500,0,1.0,0.0,
5.0,stationary_AR,0.1,False,4.0,5.0,0.1,500,0,500,0,1.0,0.0,
5.0,stationary_AR,0.1,False,4.0,10.0,0.05,500,0,500,0,1.0,0.0,
5.0,stationary_AR,0.1,False,4.0,10.0,0.1,500,0,493,0,0.986,0.0,
5.0,stationary_AR,0.1,True,1.0,2.0,0.05,500,0,0,0,0.0,0.0,
5.0,stationary_AR,0.1,True,1.0,2.0,0.1,500,0,0,0,0.0,0.0,
5.0,stationary_AR,0.1,True,1.0,5.0,0.05,500,0,6,0,0.012,0.0,
5.0,stationary_AR,0.1,True,1.0,5.0,0.1,500,0,0,0,0.0,0.0,
5.0,stationary_AR,0.1,True,1.0,10.0,0.05,500,0,56,0,0.112,0.0,
5.0,stationary_AR,0.1,True,1.0,10.0,0.1,500,0,3,0,0.006,0.0,
5.0,stationary_AR,0.1,True,4.0,2.0,0.05,500,0,500,0,1.0,0.0,
5.0,stationary_AR,0.1,True,4.0,2.0,0.1,500,0,500,0,1.0,0.0,
5.0,stationary_AR,0.1,True,4.0,5.0,0.05,500,0,500,0,1.0,0.0,
5.0,stationary_AR,0.1,True,4.0,5.0,0.1,500,0,500,0,1.0,0.0,
5.0,stationary_AR,0.1,True,4.0,10.0,0.05,500,0,500,0,1.0,0.0,
5.0,stationary_AR,0.1,True,4.0,10.0,0.1,500,0,492,0,0.984,0.0,
5.0,stationary_AR,0.3,False,1.0,2.0,0.05,500,0,0,0,0.0,0.0,
5.0,stationary_AR,0.3,False,1.0,2.0,0.1,500,0,0,0,0.0,0.0,
5.0,stationary_AR,0.3,False,1.0,5.0,0.05,500,0,0,0,0.0,0.0,
5.0,stationary_AR,0.3,False,1.0,5.0,0.1,500,0,0,0,0.0,0.0,
5.0,stationary_AR,0.3,False,1.0,10.0,0.05,500,0,53,0,0.106,0.0,
5.0,stationary_AR,0.3,False,1.0,10.0,0.1,500,0,0,0,0.0,0.0,
5.0,stationary_AR,0.3,False,4.0,2.0,0.05,500,0,500,0,1.0,0.0,
5.0,stationary_AR,0.3,False,4.0,2.0,0.1,500,0,500,0,1.0,0.0,
5.0,stationary_AR,0.3,False,4.0,5.0,0.05,500,0,500,0,1.0,0.0,
5.0,stationary_AR,0.3,False,4.0,5.0,0.1,500,0,500,0,1.0,0.0,
5.0,stationary_AR,0.3,False,4.0,10.0,0.05,500,0,500,0,1.0,0.0,
5.0,stationary_AR,0.3,False,4.0,10.0,0.1,500,0,480,0,0.96,0.0,
5.0,stationary_AR,0.3,True,1.0,2.0,0.05,500,0,0,0,0.0,0.0,
5.0,stationary_AR,0.3,True,1.0,2.0,0.1,500,0,0,0,0.0,0.0,
5.0,stationary_AR,0.3,True,1.0,5.0,0.05,500,0,0,0,0.0,0.0,
5.0,stationary_AR,0.3,True,1.0,5.0,0.1,500,0,0,0,0.0,0.0,
5.0,stationary_AR,0.3,True,1.0,10.0,0.05,500,0,40,0,0.08,0.0,
5.0,stationary_AR,0.3,True,1.0,10.0,0.1,500,0,0,0,0.0,0.0,
5.0,stationary_AR,0.3,True,4.0,2.0,0.05,500,0,500,0,1.0,0.0,
5.0,stationary_AR,0.3,True,4.0,2.0,0.1,500,0,500,0,1.0,0.0,
5.0,stationary_AR,0.3,True,4.0,5.0,0.05,500,0,500,0,1.0,0.0,
5.0,stationary_AR,0.3,True,4.0,5.0,0.1,500,0,500,0,1.0,0.0,
5.0,stationary_AR,0.3,True,4.0,10.0,0.05,500,0,500,0,1.0,0.0,
5.0,stationary_AR,0.3,True,4.0,10.0,0.1,500,0,477,0,0.954,0.0,
10.0,transient,0.0,False,1.0,2.0,0.05,500,500,0,0,0.0,1.0,0.0
10.0,transient,0.0,False,1.0,2.0,0.1,500,500,0,0,0.0,1.0,0.0
10.0,transient,0.0,False,1.0,5.0,0.05,500,500,0,0,0.0,1.0,0.0
10.0,transient,0.0,False,1.0,5.0,0.1,500,500,0,0,0.0,1.0,0.0
10.0,transient,0.0,False,1.0,10.0,0.05,500,500,0,0,0.0,1.0,0.0
10.0,transient,0.0,False,1.0,10.0,0.1,500,500,0,0,0.0,1.0,0.0
10.0,transient,0.0,False,4.0,2.0,0.05,500,0,500,0,1.0,0.0,
10.0,transient,0.0,False,4.0,2.0,0.1,500,0,500,0,1.0,0.0,
10.0,transient,0.0,False,4.0,5.0,0.05,500,0,500,0,1.0,0.0,
10.0,transient,0.0,False,4.0,5.0,0.1,500,0,500,0,1.0,0.0,
10.0,transient,0.0,False,4.0,10.0,0.05,500,0,500,0,1.0,0.0,
10.0,transient,0.0,False,4.0,10.0,0.1,500,0,500,0,1.0,0.0,
10.0,transient,0.0,True,1.0,2.0,0.05,500,500,0,0,0.0,1.0,0.0
10.0,transient,0.0,True,1.0,2.0,0.1,500,500,0,0,0.0,1.0,0.0
10.0,transient,0.0,True,1.0,5.0,0.05,500,500,0,0,0.0,1.0,0.0
10.0,transient,0.0,True,1.0,5.0,0.1,500,500,0,0,0.0,1.0,0.0
10.0,transient,0.0,True,1.0,10.0,0.05,500,500,0,0,0.0,1.0,0.0
10.0,transient,0.0,True,1.0,10.0,0.1,500,500,0,0,0.0,1.0,0.0
10.0,transient,0.0,True,4.0,2.0,0.05,500,0,500,0,1.0,0.0,
10.0,transient,0.0,True,4.0,2.0,0.1,500,0,500,0,1.0,0.0,
10.0,transient,0.0,True,4.0,5.0,0.05,500,0,500,0,1.0,0.0,
10.0,transient,0.0,True,4.0,5.0,0.1,500,0,500,0,1.0,0.0,
10.0,transient,0.0,True,4.0,10.0,0.05,500,0,500,0,1.0,0.0,
10.0,transient,0.0,True,4.0,10.0,0.1,500,0,500,0,1.0,0.0,
10.0,transient,0.03,False,1.0,2.0,0.05,500,0,0,0,0.0,0.0,
10.0,transient,0.03,False,1.0,2.0,0.1,500,0,0,0,0.0,0.0,
10.0,transient,0.03,False,1.0,5.0,0.05,500,0,0,0,0.0,0.0,
10.0,transient,0.03,False,1.0,5.0,0.1,500,0,0,0,0.0,0.0,
10.0,transient,0.03,False,1.0,10.0,0.05,500,0,0,0,0.0,0.0,
10.0,transient,0.03,False,1.0,10.0,0.1,500,0,0,0,0.0,0.0,
10.0,transient,0.03,False,4.0,2.0,0.05,500,0,500,0,1.0,0.0,
10.0,transient,0.03,False,4.0,2.0,0.1,500,0,500,0,1.0,0.0,
10.0,transient,0.03,False,4.0,5.0,0.05,500,0,500,0,1.0,0.0,
10.0,transient,0.03,False,4.0,5.0,0.1,500,0,500,0,1.0,0.0,
10.0,transient,0.03,False,4.0,10.0,0.05,500,0,500,0,1.0,0.0,
10.0,transient,0.03,False,4.0,10.0,0.1,500,0,500,0,1.0,0.0,
10.0,transient,0.03,True,1.0,2.0,0.05,500,0,0,0,0.0,0.0,
10.0,transient,0.03,True,1.0,2.0,0.1,500,0,0,0,0.0,0.0,
10.0,transient,0.03,True,1.0,5.0,0.05,500,0,0,0,0.0,0.0,
10.0,transient,0.03,True,1.0,5.0,0.1,500,0,0,0,0.0,0.0,
10.0,transient,0.03,True,1.0,10.0,0.05,500,0,0,0,0.0,0.0,
10.0,transient,0.03,True,1.0,10.0,0.1,500,0,0,0,0.0,0.0,
10.0,transient,0.03,True,4.0,2.0,0.05,500,0,500,0,1.0,0.0,
10.0,transient,0.03,True,4.0,2.0,0.1,500,0,500,0,1.0,0.0,
10.0,transient,0.03,True,4.0,5.0,0.05,500,0,500,0,1.0,0.0,
10.0,transient,0.03,True,4.0,5.0,0.1,500,0,500,0,1.0,0.0,
10.0,transient,0.03,True,4.0,10.0,0.05,500,0,500,0,1.0,0.0,
10.0,transient,0.03,True,4.0,10.0,0.1,500,0,500,0,1.0,0.0,
10.0,transient,0.1,False,1.0,2.0,0.05,500,0,0,0,0.0,0.0,
10.0,transient,0.1,False,1.0,2.0,0.1,500,0,0,0,0.0,0.0,
10.0,transient,0.1,False,1.0,5.0,0.05,500,0,0,0,0.0,0.0,
10.0,transient,0.1,False,1.0,5.0,0.1,500,0,0,0,0.0,0.0,
10.0,transient,0.1,False,1.0,10.0,0.05,500,0,0,0,0.0,0.0,
10.0,transient,0.1,False,1.0,10.0,0.1,500,0,0,0,0.0,0.0,
10.0,transient,0.1,False,4.0,2.0,0.05,500,0,494,0,0.988,0.0,
10.0,transient,0.1,False,4.0,2.0,0.1,500,0,0,0,0.0,0.0,
10.0,transient,0.1,False,4.0,5.0,0.05,500,0,500,0,1.0,0.0,
10.0,transient,0.1,False,4.0,5.0,0.1,500,0,500,0,1.0,0.0,
10.0,transient,0.1,False,4.0,10.0,0.05,500,0,500,0,1.0,0.0,
10.0,transient,0.1,False,4.0,10.0,0.1,500,0,500,0,1.0,0.0,
10.0,transient,0.1,True,1.0,2.0,0.05,500,0,0,0,0.0,0.0,
10.0,transient,0.1,True,1.0,2.0,0.1,500,0,0,0,0.0,0.0,
10.0,transient,0.1,True,1.0,5.0,0.05,500,0,0,0,0.0,0.0,
10.0,transient,0.1,True,1.0,5.0,0.1,500,0,0,0,0.0,0.0,
10.0,transient,0.1,True,1.0,10.0,0.05,500,0,0,0,0.0,0.0,
10.0,transient,0.1,True,1.0,10.0,0.1,500,0,0,0,0.0,0.0,
10.0,transient,0.1,True,4.0,2.0,0.05,500,0,479,0,0.958,0.0,
10.0,transient,0.1,True,4.0,2.0,0.1,500,0,0,0,0.0,0.0,
10.0,transient,0.1,True,4.0,5.0,0.05,500,0,500,0,1.0,0.0,
10.0,transient,0.1,True,4.0,5.0,0.1,500,0,500,0,1.0,0.0,
10.0,transient,0.1,True,4.0,10.0,0.05,500,0,500,0,1.0,0.0,
10.0,transient,0.1,True,4.0,10.0,0.1,500,0,500,0,1.0,0.0,
10.0,transient,0.3,False,1.0,2.0,0.05,500,0,0,0,0.0,0.0,
10.0,transient,0.3,False,1.0,2.0,0.1,500,0,0,0,0.0,0.0,
10.0,transient,0.3,False,1.0,5.0,0.05,500,0,0,0,0.0,0.0,
10.0,transient,0.3,False,1.0,5.0,0.1,500,0,0,0,0.0,0.0,
10.0,transient,0.3,False,1.0,10.0,0.05,500,0,0,0,0.0,0.0,
10.0,transient,0.3,False,1.0,10.0,0.1,500,0,0,0,0.0,0.0,
10.0,transient,0.3,False,4.0,2.0,0.05,500,0,0,0,0.0,0.0,
10.0,transient,0.3,False,4.0,2.0,0.1,500,0,0,0,0.0,0.0,
10.0,transient,0.3,False,4.0,5.0,0.05,500,0,0,0,0.0,0.0,
10.0,transient,0.3,False,4.0,5.0,0.1,500,0,0,0,0.0,0.0,
10.0,transient,0.3,False,4.0,10.0,0.05,500,0,218,0,0.436,0.0,
10.0,transient,0.3,False,4.0,10.0,0.1,500,0,0,0,0.0,0.0,
10.0,transient,0.3,True,1.0,2.0,0.05,500,0,0,0,0.0,0.0,
10.0,transient,0.3,True,1.0,2.0,0.1,500,0,0,0,0.0,0.0,
10.0,transient,0.3,True,1.0,5.0,0.05,500,0,0,0,0.0,0.0,
10.0,transient,0.3,True,1.0,5.0,0.1,500,0,0,0,0.0,0.0,
10.0,transient,0.3,True,1.0,10.0,0.05,500,0,0,0,0.0,0.0,
10.0,transient,0.3,True,1.0,10.0,0.1,500,0,0,0,0.0,0.0,
10.0,transient,0.3,True,4.0,2.0,0.05,500,0,0,0,0.0,0.0,
10.0,transient,0.3,True,4.0,2.0,0.1,500,0,0,0,0.0,0.0,
10.0,transient,0.3,True,4.0,5.0,0.05,500,0,0,0,0.0,0.0,
10.0,transient,0.3,True,4.0,5.0,0.1,500,0,0,0,0.0,0.0,
10.0,transient,0.3,True,4.0,10.0,0.05,500,0,193,0,0.386,0.0,
10.0,transient,0.3,True,4.0,10.0,0.1,500,0,0,0,0.0,0.0,
10.0,stationary_AR,0.0,False,1.0,2.0,0.05,500,0,0,0,0.0,0.0,
10.0,stationary_AR,0.0,False,1.0,2.0,0.1,500,0,0,0,0.0,0.0,
10.0,stationary_AR,0.0,False,1.0,5.0,0.05,500,0,7,0,0.014,0.0,
10.0,stationary_AR,0.0,False,1.0,5.0,0.1,500,0,0,0,0.0,0.0,
10.0,stationary_AR,0.0,False,1.0,10.0,0.05,500,0,52,0,0.104,0.0,
10.0,stationary_AR,0.0,False,1.0,10.0,0.1,500,0,4,0,0.008,0.0,
10.0,stationary_AR,0.0,False,4.0,2.0,0.05,500,0,500,0,1.0,0.0,
10.0,stationary_AR,0.0,False,4.0,2.0,0.1,500,0,500,0,1.0,0.0,
10.0,stationary_AR,0.0,False,4.0,5.0,0.05,500,0,500,0,1.0,0.0,
10.0,stationary_AR,0.0,False,4.0,5.0,0.1,500,0,500,0,1.0,0.0,
10.0,stationary_AR,0.0,False,4.0,10.0,0.05,500,0,500,0,1.0,0.0,
10.0,stationary_AR,0.0,False,4.0,10.0,0.1,500,0,500,0,1.0,0.0,
10.0,stationary_AR,0.0,True,1.0,2.0,0.05,500,0,0,0,0.0,0.0,
10.0,stationary_AR,0.0,True,1.0,2.0,0.1,500,0,0,0,0.0,0.0,
10.0,stationary_AR,0.0,True,1.0,5.0,0.05,500,0,5,0,0.01,0.0,
10.0,stationary_AR,0.0,True,1.0,5.0,0.1,500,0,0,0,0.0,0.0,
10.0,stationary_AR,0.0,True,1.0,10.0,0.05,500,0,61,0,0.122,0.0,
10.0,stationary_AR,0.0,True,1.0,10.0,0.1,500,0,4,0,0.008,0.0,
10.0,stationary_AR,0.0,True,4.0,2.0,0.05,500,0,500,0,1.0,0.0,
10.0,stationary_AR,0.0,True,4.0,2.0,0.1,500,0,500,0,1.0,0.0,
10.0,stationary_AR,0.0,True,4.0,5.0,0.05,500,0,500,0,1.0,0.0,
10.0,stationary_AR,0.0,True,4.0,5.0,0.1,500,0,500,0,1.0,0.0,
10.0,stationary_AR,0.0,True,4.0,10.0,0.05,500,0,500,0,1.0,0.0,
10.0,stationary_AR,0.0,True,4.0,10.0,0.1,500,0,500,0,1.0,0.0,
10.0,stationary_AR,0.1,False,1.0,2.0,0.05,500,0,0,0,0.0,0.0,
10.0,stationary_AR,0.1,False,1.0,2.0,0.1,500,0,0,0,0.0,0.0,
10.0,stationary_AR,0.1,False,1.0,5.0,0.05,500,0,6,0,0.012,0.0,
10.0,stationary_AR,0.1,False,1.0,5.0,0.1,500,0,0,0,0.0,0.0,
10.0,stationary_AR,0.1,False,1.0,10.0,0.05,500,0,53,0,0.106,0.0,
10.0,stationary_AR,0.1,False,1.0,10.0,0.1,500,0,2,0,0.004,0.0,
10.0,stationary_AR,0.1,False,4.0,2.0,0.05,500,0,500,0,1.0,0.0,
10.0,stationary_AR,0.1,False,4.0,2.0,0.1,500,0,500,0,1.0,0.0,
10.0,stationary_AR,0.1,False,4.0,5.0,0.05,500,0,500,0,1.0,0.0,
10.0,stationary_AR,0.1,False,4.0,5.0,0.1,500,0,500,0,1.0,0.0,
10.0,stationary_AR,0.1,False,4.0,10.0,0.05,500,0,500,0,1.0,0.0,
10.0,stationary_AR,0.1,False,4.0,10.0,0.1,500,0,500,0,1.0,0.0,
10.0,stationary_AR,0.1,True,1.0,2.0,0.05,500,0,0,0,0.0,0.0,
10.0,stationary_AR,0.1,True,1.0,2.0,0.1,500,0,0,0,0.0,0.0,
10.0,stationary_AR,0.1,True,1.0,5.0,0.05,500,0,4,0,0.008,0.0,
10.0,stationary_AR,0.1,True,1.0,5.0,0.1,500,0,0,0,0.0,0.0,
10.0,stationary_AR,0.1,True,1.0,10.0,0.05,500,0,59,0,0.118,0.0,
10.0,stationary_AR,0.1,True,1.0,10.0,0.1,500,0,2,0,0.004,0.0,
10.0,stationary_AR,0.1,True,4.0,2.0,0.05,500,0,500,0,1.0,0.0,
10.0,stationary_AR,0.1,True,4.0,2.0,0.1,500,0,500,0,1.0,0.0,
10.0,stationary_AR,0.1,True,4.0,5.0,0.05,500,0,500,0,1.0,0.0,
10.0,stationary_AR,0.1,True,4.0,5.0,0.1,500,0,500,0,1.0,0.0,
10.0,stationary_AR,0.1,True,4.0,10.0,0.05,500,0,500,0,1.0,0.0,
10.0,stationary_AR,0.1,True,4.0,10.0,0.1,500,0,500,0,1.0,0.0,
10.0,stationary_AR,0.3,False,1.0,2.0,0.05,500,0,0,0,0.0,0.0,
10.0,stationary_AR,0.3,False,1.0,2.0,0.1,500,0,0,0,0.0,0.0,
10.0,stationary_AR,0.3,False,1.0,5.0,0.05,500,0,0,0,0.0,0.0,
10.0,stationary_AR,0.3,False,1.0,5.0,0.1,500,0,0,0,0.0,0.0,
10.0,stationary_AR,0.3,False,1.0,10.0,0.05,500,0,5,0,0.01,0.0,
10.0,stationary_AR,0.3,False,1.0,10.0,0.1,500,0,0,0,0.0,0.0,
10.0,stationary_AR,0.3,False,4.0,2.0,0.05,500,0,500,0,1.0,0.0,
10.0,stationary_AR,0.3,False,4.0,2.0,0.1,500,0,500,0,1.0,0.0,
10.0,stationary_AR,0.3,False,4.0,5.0,0.05,500,0,500,0,1.0,0.0,
10.0,stationary_AR,0.3,False,4.0,5.0,0.1,500,0,500,0,1.0,0.0,
10.0,stationary_AR,0.3,False,4.0,10.0,0.05,500,0,500,0,1.0,0.0,
10.0,stationary_AR,0.3,False,4.0,10.0,0.1,500,0,500,0,1.0,0.0,
10.0,stationary_AR,0.3,True,1.0,2.0,0.05,500,0,0,0,0.0,0.0,
10.0,stationary_AR,0.3,True,1.0,2.0,0.1,500,0,0,0,0.0,0.0,
10.0,stationary_AR,0.3,True,1.0,5.0,0.05,500,0,0,0,0.0,0.0,
10.0,stationary_AR,0.3,True,1.0,5.0,0.1,500,0,0,0,0.0,0.0,
10.0,stationary_AR,0.3,True,1.0,10.0,0.05,500,0,9,0,0.018,0.0,
10.0,stationary_AR,0.3,True,1.0,10.0,0.1,500,0,0,0,0.0,0.0,
10.0,stationary_AR,0.3,True,4.0,2.0,0.05,500,0,500,0,1.0,0.0,
10.0,stationary_AR,0.3,True,4.0,2.0,0.1,500,0,500,0,1.0,0.0,
10.0,stationary_AR,0.3,True,4.0,5.0,0.05,500,0,500,0,1.0,0.0,
10.0,stationary_AR,0.3,True,4.0,5.0,0.1,500,0,500,0,1.0,0.0,
10.0,stationary_AR,0.3,True,4.0,10.0,0.05,500,0,500,0,1.0,0.0,
10.0,stationary_AR,0.3,True,4.0,10.0,0.1,500,0,500,0,1.0,0.0,
20.0,transient,0.0,False,1.0,2.0,0.05,500,500,0,0,0.0,1.0,0.0
20.0,transient,0.0,False,1.0,2.0,0.1,500,500,0,0,0.0,1.0,0.0
20.0,transient,0.0,False,1.0,5.0,0.05,500,500,0,0,0.0,1.0,0.0
20.0,transient,0.0,False,1.0,5.0,0.1,500,500,0,0,0.0,1.0,0.0
20.0,transient,0.0,False,1.0,10.0,0.05,500,500,0,0,0.0,1.0,0.0
20.0,transient,0.0,False,1.0,10.0,0.1,500,500,0,0,0.0,1.0,0.0
20.0,transient,0.0,False,4.0,2.0,0.05,500,500,500,500,1.0,1.0,1.0
20.0,transient,0.0,False,4.0,2.0,0.1,500,500,500,500,1.0,1.0,1.0
20.0,transient,0.0,False,4.0,5.0,0.05,500,500,500,500,1.0,1.0,1.0
20.0,transient,0.0,False,4.0,5.0,0.1,500,500,500,500,1.0,1.0,1.0
20.0,transient,0.0,False,4.0,10.0,0.05,500,500,500,500,1.0,1.0,1.0
20.0,transient,0.0,False,4.0,10.0,0.1,500,500,500,500,1.0,1.0,1.0
20.0,transient,0.0,True,1.0,2.0,0.05,500,500,0,0,0.0,1.0,0.0
20.0,transient,0.0,True,1.0,2.0,0.1,500,500,0,0,0.0,1.0,0.0
20.0,transient,0.0,True,1.0,5.0,0.05,500,500,0,0,0.0,1.0,0.0
20.0,transient,0.0,True,1.0,5.0,0.1,500,500,0,0,0.0,1.0,0.0
20.0,transient,0.0,True,1.0,10.0,0.05,500,500,0,0,0.0,1.0,0.0
20.0,transient,0.0,True,1.0,10.0,0.1,500,500,0,0,0.0,1.0,0.0
20.0,transient,0.0,True,4.0,2.0,0.05,500,500,500,500,1.0,1.0,1.0
20.0,transient,0.0,True,4.0,2.0,0.1,500,500,500,500,1.0,1.0,1.0
20.0,transient,0.0,True,4.0,5.0,0.05,500,500,500,500,1.0,1.0,1.0
20.0,transient,0.0,True,4.0,5.0,0.1,500,500,500,500,1.0,1.0,1.0
20.0,transient,0.0,True,4.0,10.0,0.05,500,500,500,500,1.0,1.0,1.0
20.0,transient,0.0,True,4.0,10.0,0.1,500,500,500,500,1.0,1.0,1.0
20.0,transient,0.03,False,1.0,2.0,0.05,500,0,0,0,0.0,0.0,
20.0,transient,0.03,False,1.0,2.0,0.1,500,0,0,0,0.0,0.0,
20.0,transient,0.03,False,1.0,5.0,0.05,500,0,0,0,0.0,0.0,
20.0,transient,0.03,False,1.0,5.0,0.1,500,0,0,0,0.0,0.0,
20.0,transient,0.03,False,1.0,10.0,0.05,500,0,0,0,0.0,0.0,
20.0,transient,0.03,False,1.0,10.0,0.1,500,0,0,0,0.0,0.0,
20.0,transient,0.03,False,4.0,2.0,0.05,500,0,500,0,1.0,0.0,
20.0,transient,0.03,False,4.0,2.0,0.1,500,0,500,0,1.0,0.0,
20.0,transient,0.03,False,4.0,5.0,0.05,500,0,500,0,1.0,0.0,
20.0,transient,0.03,False,4.0,5.0,0.1,500,0,500,0,1.0,0.0,
20.0,transient,0.03,False,4.0,10.0,0.05,500,0,500,0,1.0,0.0,
20.0,transient,0.03,False,4.0,10.0,0.1,500,0,500,0,1.0,0.0,
20.0,transient,0.03,True,1.0,2.0,0.05,500,0,0,0,0.0,0.0,
20.0,transient,0.03,True,1.0,2.0,0.1,500,0,0,0,0.0,0.0,
20.0,transient,0.03,True,1.0,5.0,0.05,500,0,0,0,0.0,0.0,
20.0,transient,0.03,True,1.0,5.0,0.1,500,0,0,0,0.0,0.0,
20.0,transient,0.03,True,1.0,10.0,0.05,500,0,0,0,0.0,0.0,
20.0,transient,0.03,True,1.0,10.0,0.1,500,0,0,0,0.0,0.0,
20.0,transient,0.03,True,4.0,2.0,0.05,500,0,500,0,1.0,0.0,
20.0,transient,0.03,True,4.0,2.0,0.1,500,0,500,0,1.0,0.0,
20.0,transient,0.03,True,4.0,5.0,0.05,500,0,500,0,1.0,0.0,
20.0,transient,0.03,True,4.0,5.0,0.1,500,0,500,0,1.0,0.0,
20.0,transient,0.03,True,4.0,10.0,0.05,500,0,500,0,1.0,0.0,
20.0,transient,0.03,True,4.0,10.0,0.1,500,0,500,0,1.0,0.0,
20.0,transient,0.1,False,1.0,2.0,0.05,500,0,0,0,0.0,0.0,
20.0,transient,0.1,False,1.0,2.0,0.1,500,0,0,0,0.0,0.0,
20.0,transient,0.1,False,1.0,5.0,0.05,500,0,0,0,0.0,0.0,
20.0,transient,0.1,False,1.0,5.0,0.1,500,0,0,0,0.0,0.0,
20.0,transient,0.1,False,1.0,10.0,0.05,500,0,0,0,0.0,0.0,
20.0,transient,0.1,False,1.0,10.0,0.1,500,0,0,0,0.0,0.0,
20.0,transient,0.1,False,4.0,2.0,0.05,500,0,0,0,0.0,0.0,
20.0,transient,0.1,False,4.0,2.0,0.1,500,0,0,0,0.0,0.0,
20.0,transient,0.1,False,4.0,5.0,0.05,500,0,500,0,1.0,0.0,
20.0,transient,0.1,False,4.0,5.0,0.1,500,0,500,0,1.0,0.0,
20.0,transient,0.1,False,4.0,10.0,0.05,500,0,500,0,1.0,0.0,
20.0,transient,0.1,False,4.0,10.0,0.1,500,0,500,0,1.0,0.0,
20.0,transient,0.1,True,1.0,2.0,0.05,500,0,0,0,0.0,0.0,
20.0,transient,0.1,True,1.0,2.0,0.1,500,0,0,0,0.0,0.0,
20.0,transient,0.1,True,1.0,5.0,0.05,500,0,0,0,0.0,0.0,
20.0,transient,0.1,True,1.0,5.0,0.1,500,0,0,0,0.0,0.0,
20.0,transient,0.1,True,1.0,10.0,0.05,500,0,0,0,0.0,0.0,
20.0,transient,0.1,True,1.0,10.0,0.1,500,0,0,0,0.0,0.0,
20.0,transient,0.1,True,4.0,2.0,0.05,500,0,0,0,0.0,0.0,
20.0,transient,0.1,True,4.0,2.0,0.1,500,0,0,0,0.0,0.0,
20.0,transient,0.1,True,4.0,5.0,0.05,500,0,500,0,1.0,0.0,
20.0,transient,0.1,True,4.0,5.0,0.1,500,0,500,0,1.0,0.0,
20.0,transient,0.1,True,4.0,10.0,0.05,500,0,500,0,1.0,0.0,
20.0,transient,0.1,True,4.0,10.0,0.1,500,0,500,0,1.0,0.0,
20.0,transient,0.3,False,1.0,2.0,0.05,500,0,0,0,0.0,0.0,
20.0,transient,0.3,False,1.0,2.0,0.1,500,0,0,0,0.0,0.0,
20.0,transient,0.3,False,1.0,5.0,0.05,500,0,0,0,0.0,0.0,
20.0,transient,0.3,False,1.0,5.0,0.1,500,0,0,0,0.0,0.0,
20.0,transient,0.3,False,1.0,10.0,0.05,500,0,0,0,0.0,0.0,
20.0,transient,0.3,False,1.0,10.0,0.1,500,0,0,0,0.0,0.0,
20.0,transient,0.3,False,4.0,2.0,0.05,500,0,0,0,0.0,0.0,
20.0,transient,0.3,False,4.0,2.0,0.1,500,0,0,0,0.0,0.0,
20.0,transient,0.3,False,4.0,5.0,0.05,500,0,0,0,0.0,0.0,
20.0,transient,0.3,False,4.0,5.0,0.1,500,0,0,0,0.0,0.0,
20.0,transient,0.3,False,4.0,10.0,0.05,500,0,28,0,0.056,0.0,
20.0,transient,0.3,False,4.0,10.0,0.1,500,0,0,0,0.0,0.0,
20.0,transient,0.3,True,1.0,2.0,0.05,500,0,0,0,0.0,0.0,
20.0,transient,0.3,True,1.0,2.0,0.1,500,0,0,0,0.0,0.0,
20.0,transient,0.3,True,1.0,5.0,0.05,500,0,0,0,0.0,0.0,
20.0,transient,0.3,True,1.0,5.0,0.1,500,0,0,0,0.0,0.0,
20.0,transient,0.3,True,1.0,10.0,0.05,500,0,0,0,0.0,0.0,
20.0,transient,0.3,True,1.0,10.0,0.1,500,0,0,0,0.0,0.0,
20.0,transient,0.3,True,4.0,2.0,0.05,500,0,0,0,0.0,0.0,
20.0,transient,0.3,True,4.0,2.0,0.1,500,0,0,0,0.0,0.0,
20.0,transient,0.3,True,4.0,5.0,0.05,500,0,0,0,0.0,0.0,
20.0,transient,0.3,True,4.0,5.0,0.1,500,0,0,0,0.0,0.0,
20.0,transient,0.3,True,4.0,10.0,0.05,500,0,15,0,0.03,0.0,
20.0,transient,0.3,True,4.0,10.0,0.1,500,0,0,0,0.0,0.0,
20.0,stationary_AR,0.0,False,1.0,2.0,0.05,500,0,0,0,0.0,0.0,
20.0,stationary_AR,0.0,False,1.0,2.0,0.1,500,0,0,0,0.0,0.0,
20.0,stationary_AR,0.0,False,1.0,5.0,0.05,500,0,2,0,0.004,0.0,
20.0,stationary_AR,0.0,False,1.0,5.0,0.1,500,0,0,0,0.0,0.0,
20.0,stationary_AR,0.0,False,1.0,10.0,0.05,500,0,35,0,0.07,0.0,
20.0,stationary_AR,0.0,False,1.0,10.0,0.1,500,0,1,0,0.002,0.0,
20.0,stationary_AR,0.0,False,4.0,2.0,0.05,500,0,500,0,1.0,0.0,
20.0,stationary_AR,0.0,False,4.0,2.0,0.1,500,0,500,0,1.0,0.0,
20.0,stationary_AR,0.0,False,4.0,5.0,0.05,500,0,500,0,1.0,0.0,
20.0,stationary_AR,0.0,False,4.0,5.0,0.1,500,0,500,0,1.0,0.0,
20.0,stationary_AR,0.0,False,4.0,10.0,0.05,500,0,500,0,1.0,0.0,
20.0,stationary_AR,0.0,False,4.0,10.0,0.1,500,0,500,0,1.0,0.0,
20.0,stationary_AR,0.0,True,1.0,2.0,0.05,500,0,0,0,0.0,0.0,
20.0,stationary_AR,0.0,True,1.0,2.0,0.1,500,0,0,0,0.0,0.0,
20.0,stationary_AR,0.0,True,1.0,5.0,0.05,500,0,2,0,0.004,0.0,
20.0,stationary_AR,0.0,True,1.0,5.0,0.1,500,0,0,0,0.0,0.0,
20.0,stationary_AR,0.0,True,1.0,10.0,0.05,500,0,49,0,0.098,0.0,
20.0,stationary_AR,0.0,True,1.0,10.0,0.1,500,0,1,0,0.002,0.0,
20.0,stationary_AR,0.0,True,4.0,2.0,0.05,500,0,500,0,1.0,0.0,
20.0,stationary_AR,0.0,True,4.0,2.0,0.1,500,0,500,0,1.0,0.0,
20.0,stationary_AR,0.0,True,4.0,5.0,0.05,500,0,500,0,1.0,0.0,
20.0,stationary_AR,0.0,True,4.0,5.0,0.1,500,0,500,0,1.0,0.0,
20.0,stationary_AR,0.0,True,4.0,10.0,0.05,500,0,500,0,1.0,0.0,
20.0,stationary_AR,0.0,True,4.0,10.0,0.1,500,0,500,0,1.0,0.0,
20.0,stationary_AR,0.1,False,1.0,2.0,0.05,500,0,0,0,0.0,0.0,
20.0,stationary_AR,0.1,False,1.0,2.0,0.1,500,0,0,0,0.0,0.0,
20.0,stationary_AR,0.1,False,1.0,5.0,0.05,500,0,0,0,0.0,0.0,
20.0,stationary_AR,0.1,False,1.0,5.0,0.1,500,0,0,0,0.0,0.0,
20.0,stationary_AR,0.1,False,1.0,10.0,0.05,500,0,23,0,0.046,0.0,
20.0,stationary_AR,0.1,False,1.0,10.0,0.1,500,0,0,0,0.0,0.0,
20.0,stationary_AR,0.1,False,4.0,2.0,0.05,500,0,500,0,1.0,0.0,
20.0,stationary_AR,0.1,False,4.0,2.0,0.1,500,0,500,0,1.0,0.0,
20.0,stationary_AR,0.1,False,4.0,5.0,0.05,500,0,500,0,1.0,0.0,
20.0,stationary_AR,0.1,False,4.0,5.0,0.1,500,0,500,0,1.0,0.0,
20.0,stationary_AR,0.1,False,4.0,10.0,0.05,500,0,500,0,1.0,0.0,
20.0,stationary_AR,0.1,False,4.0,10.0,0.1,500,0,500,0,1.0,0.0,
20.0,stationary_AR,0.1,True,1.0,2.0,0.05,500,0,0,0,0.0,0.0,
20.0,stationary_AR,0.1,True,1.0,2.0,0.1,500,0,0,0,0.0,0.0,
20.0,stationary_AR,0.1,True,1.0,5.0,0.05,500,0,0,0,0.0,0.0,
20.0,stationary_AR,0.1,True,1.0,5.0,0.1,500,0,0,0,0.0,0.0,
20.0,stationary_AR,0.1,True,1.0,10.0,0.05,500,0,30,0,0.06,0.0,
20.0,stationary_AR,0.1,True,1.0,10.0,0.1,500,0,1,0,0.002,0.0,
20.0,stationary_AR,0.1,True,4.0,2.0,0.05,500,0,500,0,1.0,0.0,
20.0,stationary_AR,0.1,True,4.0,2.0,0.1,500,0,500,0,1.0,0.0,
20.0,stationary_AR,0.1,True,4.0,5.0,0.05,500,0,500,0,1.0,0.0,
20.0,stationary_AR,0.1,True,4.0,5.0,0.1,500,0,500,0,1.0,0.0,
20.0,stationary_AR,0.1,True,4.0,10.0,0.05,500,0,500,0,1.0,0.0,
20.0,stationary_AR,0.1,True,4.0,10.0,0.1,500,0,500,0,1.0,0.0,
20.0,stationary_AR,0.3,False,1.0,2.0,0.05,500,0,0,0,0.0,0.0,
20.0,stationary_AR,0.3,False,1.0,2.0,0.1,500,0,0,0,0.0,0.0,
20.0,stationary_AR,0.3,False,1.0,5.0,0.05,500,0,0,0,0.0,0.0,
20.0,stationary_AR,0.3,False,1.0,5.0,0.1,500,0,0,0,0.0,0.0,
20.0,stationary_AR,0.3,False,1.0,10.0,0.05,500,0,0,0,0.0,0.0,
20.0,stationary_AR,0.3,False,1.0,10.0,0.1,500,0,0,0,0.0,0.0,
20.0,stationary_AR,0.3,False,4.0,2.0,0.05,500,0,500,0,1.0,0.0,
20.0,stationary_AR,0.3,False,4.0,2.0,0.1,500,0,497,0,0.994,0.0,
20.0,stationary_AR,0.3,False,4.0,5.0,0.05,500,0,500,0,1.0,0.0,
20.0,stationary_AR,0.3,False,4.0,5.0,0.1,500,0,500,0,1.0,0.0,
20.0,stationary_AR,0.3,False,4.0,10.0,0.05,500,0,500,0,1.0,0.0,
20.0,stationary_AR,0.3,False,4.0,10.0,0.1,500,0,500,0,1.0,0.0,
20.0,stationary_AR,0.3,True,1.0,2.0,0.05,500,0,0,0,0.0,0.0,
20.0,stationary_AR,0.3,True,1.0,2.0,0.1,500,0,0,0,0.0,0.0,
20.0,stationary_AR,0.3,True,1.0,5.0,0.05,500,0,0,0,0.0,0.0,
20.0,stationary_AR,0.3,True,1.0,5.0,0.1,500,0,0,0,0.0,0.0,
20.0,stationary_AR,0.3,True,1.0,10.0,0.05,500,0,1,0,0.002,0.0,
20.0,stationary_AR,0.3,True,1.0,10.0,0.1,500,0,0,0,0.0,0.0,
20.0,stationary_AR,0.3,True,4.0,2.0,0.05,500,0,500,0,1.0,0.0,
20.0,stationary_AR,0.3,True,4.0,2.0,0.1,500,0,495,0,0.99,0.0,
20.0,stationary_AR,0.3,True,4.0,5.0,0.05,500,0,500,0,1.0,0.0,
20.0,stationary_AR,0.3,True,4.0,5.0,0.1,500,0,500,0,1.0,0.0,
20.0,stationary_AR,0.3,True,4.0,10.0,0.05,500,0,500,0,1.0,0.0,
20.0,stationary_AR,0.3,True,4.0,10.0,0.1,500,0,500,0,1.0,0.0,
50.0,transient,0.0,False,1.0,2.0,0.05,500,500,0,0,0.0,1.0,0.0
50.0,transient,0.0,False,1.0,2.0,0.1,500,500,0,0,0.0,1.0,0.0
50.0,transient,0.0,False,1.0,5.0,0.05,500,500,0,0,0.0,1.0,0.0
50.0,transient,0.0,False,1.0,5.0,0.1,500,500,0,0,0.0,1.0,0.0
50.0,transient,0.0,False,1.0,10.0,0.05,500,500,0,0,0.0,1.0,0.0
50.0,transient,0.0,False,1.0,10.0,0.1,500,500,0,0,0.0,1.0,0.0
50.0,transient,0.0,False,4.0,2.0,0.05,500,500,500,500,1.0,1.0,1.0
50.0,transient,0.0,False,4.0,2.0,0.1,500,500,500,500,1.0,1.0,1.0
50.0,transient,0.0,False,4.0,5.0,0.05,500,500,500,500,1.0,1.0,1.0
50.0,transient,0.0,False,4.0,5.0,0.1,500,500,500,500,1.0,1.0,1.0
50.0,transient,0.0,False,4.0,10.0,0.05,500,500,500,500,1.0,1.0,1.0
50.0,transient,0.0,False,4.0,10.0,0.1,500,500,500,500,1.0,1.0,1.0
50.0,transient,0.0,True,1.0,2.0,0.05,500,500,0,0,0.0,1.0,0.0
50.0,transient,0.0,True,1.0,2.0,0.1,500,500,0,0,0.0,1.0,0.0
50.0,transient,0.0,True,1.0,5.0,0.05,500,500,0,0,0.0,1.0,0.0
50.0,transient,0.0,True,1.0,5.0,0.1,500,500,0,0,0.0,1.0,0.0
50.0,transient,0.0,True,1.0,10.0,0.05,500,500,0,0,0.0,1.0,0.0
50.0,transient,0.0,True,1.0,10.0,0.1,500,500,0,0,0.0,1.0,0.0
50.0,transient,0.0,True,4.0,2.0,0.05,500,500,500,500,1.0,1.0,1.0
50.0,transient,0.0,True,4.0,2.0,0.1,500,500,500,500,1.0,1.0,1.0
50.0,transient,0.0,True,4.0,5.0,0.05,500,500,500,500,1.0,1.0,1.0
50.0,transient,0.0,True,4.0,5.0,0.1,500,500,500,500,1.0,1.0,1.0
50.0,transient,0.0,True,4.0,10.0,0.05,500,500,500,500,1.0,1.0,1.0
50.0,transient,0.0,True,4.0,10.0,0.1,500,500,500,500,1.0,1.0,1.0
50.0,transient,0.03,False,1.0,2.0,0.05,500,0,0,0,0.0,0.0,
50.0,transient,0.03,False,1.0,2.0,0.1,500,0,0,0,0.0,0.0,
50.0,transient,0.03,False,1.0,5.0,0.05,500,0,0,0,0.0,0.0,
50.0,transient,0.03,False,1.0,5.0,0.1,500,0,0,0,0.0,0.0,
50.0,transient,0.03,False,1.0,10.0,0.05,500,0,0,0,0.0,0.0,
50.0,transient,0.03,False,1.0,10.0,0.1,500,0,0,0,0.0,0.0,
50.0,transient,0.03,False,4.0,2.0,0.05,500,0,500,0,1.0,0.0,
50.0,transient,0.03,False,4.0,2.0,0.1,500,0,0,0,0.0,0.0,
50.0,transient,0.03,False,4.0,5.0,0.05,500,0,500,0,1.0,0.0,
50.0,transient,0.03,False,4.0,5.0,0.1,500,0,500,0,1.0,0.0,
50.0,transient,0.03,False,4.0,10.0,0.05,500,0,500,0,1.0,0.0,
50.0,transient,0.03,False,4.0,10.0,0.1,500,0,500,0,1.0,0.0,
50.0,transient,0.03,True,1.0,2.0,0.05,500,0,0,0,0.0,0.0,
50.0,transient,0.03,True,1.0,2.0,0.1,500,0,0,0,0.0,0.0,
50.0,transient,0.03,True,1.0,5.0,0.05,500,0,0,0,0.0,0.0,
50.0,transient,0.03,True,1.0,5.0,0.1,500,0,0,0,0.0,0.0,
50.0,transient,0.03,True,1.0,10.0,0.05,500,0,0,0,0.0,0.0,
50.0,transient,0.03,True,1.0,10.0,0.1,500,0,0,0,0.0,0.0,
50.0,transient,0.03,True,4.0,2.0,0.05,500,0,500,0,1.0,0.0,
50.0,transient,0.03,True,4.0,2.0,0.1,500,0,0,0,0.0,0.0,
50.0,transient,0.03,True,4.0,5.0,0.05,500,0,500,0,1.0,0.0,
50.0,transient,0.03,True,4.0,5.0,0.1,500,0,500,0,1.0,0.0,
50.0,transient,0.03,True,4.0,10.0,0.05,500,0,500,0,1.0,0.0,
50.0,transient,0.03,True,4.0,10.0,0.1,500,0,500,0,1.0,0.0,
50.0,transient,0.1,False,1.0,2.0,0.05,500,0,0,0,0.0,0.0,
50.0,transient,0.1,False,1.0,2.0,0.1,500,0,0,0,0.0,0.0,
50.0,transient,0.1,False,1.0,5.0,0.05,500,0,0,0,0.0,0.0,
50.0,transient,0.1,False,1.0,5.0,0.1,500,0,0,0,0.0,0.0,
50.0,transient,0.1,False,1.0,10.0,0.05,500,0,0,0,0.0,0.0,
50.0,transient,0.1,False,1.0,10.0,0.1,500,0,0,0,0.0,0.0,
50.0,transient,0.1,False,4.0,2.0,0.05,500,0,0,0,0.0,0.0,
50.0,transient,0.1,False,4.0,2.0,0.1,500,0,0,0,0.0,0.0,
50.0,transient,0.1,False,4.0,5.0,0.05,500,0,500,0,1.0,0.0,
50.0,transient,0.1,False,4.0,5.0,0.1,500,0,500,0,1.0,0.0,
50.0,transient,0.1,False,4.0,10.0,0.05,500,0,500,0,1.0,0.0,
50.0,transient,0.1,False,4.0,10.0,0.1,500,0,500,0,1.0,0.0,
50.0,transient,0.1,True,1.0,2.0,0.05,500,0,0,0,0.0,0.0,
50.0,transient,0.1,True,1.0,2.0,0.1,500,0,0,0,0.0,0.0,
50.0,transient,0.1,True,1.0,5.0,0.05,500,0,0,0,0.0,0.0,
50.0,transient,0.1,True,1.0,5.0,0.1,500,0,0,0,0.0,0.0,
50.0,transient,0.1,True,1.0,10.0,0.05,500,0,0,0,0.0,0.0,
50.0,transient,0.1,True,1.0,10.0,0.1,500,0,0,0,0.0,0.0,
50.0,transient,0.1,True,4.0,2.0,0.05,500,0,0,0,0.0,0.0,
50.0,transient,0.1,True,4.0,2.0,0.1,500,0,0,0,0.0,0.0,
50.0,transient,0.1,True,4.0,5.0,0.05,500,0,500,0,1.0,0.0,
50.0,transient,0.1,True,4.0,5.0,0.1,500,0,500,0,1.0,0.0,
50.0,transient,0.1,True,4.0,10.0,0.05,500,0,500,0,1.0,0.0,
50.0,transient,0.1,True,4.0,10.0,0.1,500,0,500,0,1.0,0.0,
50.0,transient,0.3,False,1.0,2.0,0.05,500,0,0,0,0.0,0.0,
50.0,transient,0.3,False,1.0,2.0,0.1,500,0,0,0,0.0,0.0,
50.0,transient,0.3,False,1.0,5.0,0.05,500,0,0,0,0.0,0.0,
50.0,transient,0.3,False,1.0,5.0,0.1,500,0,0,0,0.0,0.0,
50.0,transient,0.3,False,1.0,10.0,0.05,500,0,0,0,0.0,0.0,
50.0,transient,0.3,False,1.0,10.0,0.1,500,0,0,0,0.0,0.0,
50.0,transient,0.3,False,4.0,2.0,0.05,500,0,0,0,0.0,0.0,
50.0,transient,0.3,False,4.0,2.0,0.1,500,0,0,0,0.0,0.0,
50.0,transient,0.3,False,4.0,5.0,0.05,500,0,0,0,0.0,0.0,
50.0,transient,0.3,False,4.0,5.0,0.1,500,0,0,0,0.0,0.0,
50.0,transient,0.3,False,4.0,10.0,0.05,500,0,0,0,0.0,0.0,
50.0,transient,0.3,False,4.0,10.0,0.1,500,0,0,0,0.0,0.0,
50.0,transient,0.3,True,1.0,2.0,0.05,500,0,0,0,0.0,0.0,
50.0,transient,0.3,True,1.0,2.0,0.1,500,0,0,0,0.0,0.0,
50.0,transient,0.3,True,1.0,5.0,0.05,500,0,0,0,0.0,0.0,
50.0,transient,0.3,True,1.0,5.0,0.1,500,0,0,0,0.0,0.0,
50.0,transient,0.3,True,1.0,10.0,0.05,500,0,0,0,0.0,0.0,
50.0,transient,0.3,True,1.0,10.0,0.1,500,0,0,0,0.0,0.0,
50.0,transient,0.3,True,4.0,2.0,0.05,500,0,0,0,0.0,0.0,
50.0,transient,0.3,True,4.0,2.0,0.1,500,0,0,0,0.0,0.0,
50.0,transient,0.3,True,4.0,5.0,0.05,500,0,0,0,0.0,0.0,
50.0,transient,0.3,True,4.0,5.0,0.1,500,0,0,0,0.0,0.0,
50.0,transient,0.3,True,4.0,10.0,0.05,500,0,0,0,0.0,0.0,
50.0,transient,0.3,True,4.0,10.0,0.1,500,0,0,0,0.0,0.0,
50.0,stationary_AR,0.0,False,1.0,2.0,0.05,500,0,0,0,0.0,0.0,
50.0,stationary_AR,0.0,False,1.0,2.0,0.1,500,0,0,0,0.0,0.0,
50.0,stationary_AR,0.0,False,1.0,5.0,0.05,500,0,0,0,0.0,0.0,
50.0,stationary_AR,0.0,False,1.0,5.0,0.1,500,0,0,0,0.0,0.0,
50.0,stationary_AR,0.0,False,1.0,10.0,0.05,500,0,10,0,0.02,0.0,
50.0,stationary_AR,0.0,False,1.0,10.0,0.1,500,0,0,0,0.0,0.0,
50.0,stationary_AR,0.0,False,4.0,2.0,0.05,500,0,500,0,1.0,0.0,
50.0,stationary_AR,0.0,False,4.0,2.0,0.1,500,0,350,0,0.7,0.0,
50.0,stationary_AR,0.0,False,4.0,5.0,0.05,500,0,500,0,1.0,0.0,
50.0,stationary_AR,0.0,False,4.0,5.0,0.1,500,0,500,0,1.0,0.0,
50.0,stationary_AR,0.0,False,4.0,10.0,0.05,500,0,500,0,1.0,0.0,
50.0,stationary_AR,0.0,False,4.0,10.0,0.1,500,0,500,0,1.0,0.0,
50.0,stationary_AR,0.0,True,1.0,2.0,0.05,500,0,0,0,0.0,0.0,
50.0,stationary_AR,0.0,True,1.0,2.0,0.1,500,0,0,0,0.0,0.0,
50.0,stationary_AR,0.0,True,1.0,5.0,0.05,500,0,0,0,0.0,0.0,
50.0,stationary_AR,0.0,True,1.0,5.0,0.1,500,0,0,0,0.0,0.0,
50.0,stationary_AR,0.0,True,1.0,10.0,0.05,500,0,11,0,0.022,0.0,
50.0,stationary_AR,0.0,True,1.0,10.0,0.1,500,0,0,0,0.0,0.0,
50.0,stationary_AR,0.0,True,4.0,2.0,0.05,500,0,500,0,1.0,0.0,
50.0,stationary_AR,0.0,True,4.0,2.0,0.1,500,0,345,0,0.69,0.0,
50.0,stationary_AR,0.0,True,4.0,5.0,0.05,500,0,500,0,1.0,0.0,
50.0,stationary_AR,0.0,True,4.0,5.0,0.1,500,0,500,0,1.0,0.0,
50.0,stationary_AR,0.0,True,4.0,10.0,0.05,500,0,500,0,1.0,0.0,
50.0,stationary_AR,0.0,True,4.0,10.0,0.1,500,0,500,0,1.0,0.0,
50.0,stationary_AR,0.1,False,1.0,2.0,0.05,500,0,0,0,0.0,0.0,
50.0,stationary_AR,0.1,False,1.0,2.0,0.1,500,0,0,0,0.0,0.0,
50.0,stationary_AR,0.1,False,1.0,5.0,0.05,500,0,0,0,0.0,0.0,
50.0,stationary_AR,0.1,False,1.0,5.0,0.1,500,0,0,0,0.0,0.0,
50.0,stationary_AR,0.1,False,1.0,10.0,0.05,500,0,2,0,0.004,0.0,
50.0,stationary_AR,0.1,False,1.0,10.0,0.1,500,0,0,0,0.0,0.0,
50.0,stationary_AR,0.1,False,4.0,2.0,0.05,500,0,500,0,1.0,0.0,
50.0,stationary_AR,0.1,False,4.0,2.0,0.1,500,0,92,0,0.184,0.0,
50.0,stationary_AR,0.1,False,4.0,5.0,0.05,500,0,500,0,1.0,0.0,
50.0,stationary_AR,0.1,False,4.0,5.0,0.1,500,0,500,0,1.0,0.0,
50.0,stationary_AR,0.1,False,4.0,10.0,0.05,500,0,500,0,1.0,0.0,
50.0,stationary_AR,0.1,False,4.0,10.0,0.1,500,0,500,0,1.0,0.0,
50.0,stationary_AR,0.1,True,1.0,2.0,0.05,500,0,0,0,0.0,0.0,
50.0,stationary_AR,0.1,True,1.0,2.0,0.1,500,0,0,0,0.0,0.0,
50.0,stationary_AR,0.1,True,1.0,5.0,0.05,500,0,0,0,0.0,0.0,
50.0,stationary_AR,0.1,True,1.0,5.0,0.1,500,0,0,0,0.0,0.0,
50.0,stationary_AR,0.1,True,1.0,10.0,0.05,500,0,3,0,0.006,0.0,
50.0,stationary_AR,0.1,True,1.0,10.0,0.1,500,0,0,0,0.0,0.0,
50.0,stationary_AR,0.1,True,4.0,2.0,0.05,500,0,500,0,1.0,0.0,
50.0,stationary_AR,0.1,True,4.0,2.0,0.1,500,0,89,0,0.178,0.0,
50.0,stationary_AR,0.1,True,4.0,5.0,0.05,500,0,500,0,1.0,0.0,
50.0,stationary_AR,0.1,True,4.0,5.0,0.1,500,0,500,0,1.0,0.0,
50.0,stationary_AR,0.1,True,4.0,10.0,0.05,500,0,500,0,1.0,0.0,
50.0,stationary_AR,0.1,True,4.0,10.0,0.1,500,0,500,0,1.0,0.0,
50.0,stationary_AR,0.3,False,1.0,2.0,0.05,500,0,0,0,0.0,0.0,
50.0,stationary_AR,0.3,False,1.0,2.0,0.1,500,0,0,0,0.0,0.0,
50.0,stationary_AR,0.3,False,1.0,5.0,0.05,500,0,0,0,0.0,0.0,
50.0,stationary_AR,0.3,False,1.0,5.0,0.1,500,0,0,0,0.0,0.0,
50.0,stationary_AR,0.3,False,1.0,10.0,0.05,500,0,0,0,0.0,0.0,
50.0,stationary_AR,0.3,False,1.0,10.0,0.1,500,0,0,0,0.0,0.0,
50.0,stationary_AR,0.3,False,4.0,2.0,0.05,500,0,8,0,0.016,0.0,
50.0,stationary_AR,0.3,False,4.0,2.0,0.1,500,0,0,0,0.0,0.0,
50.0,stationary_AR,0.3,False,4.0,5.0,0.05,500,0,498,0,0.996,0.0,
50.0,stationary_AR,0.3,False,4.0,5.0,0.1,500,0,467,0,0.934,0.0,
50.0,stationary_AR,0.3,False,4.0,10.0,0.05,500,0,500,0,1.0,0.0,
50.0,stationary_AR,0.3,False,4.0,10.0,0.1,500,0,500,0,1.0,0.0,
50.0,stationary_AR,0.3,True,1.0,2.0,0.05,500,0,0,0,0.0,0.0,
50.0,stationary_AR,0.3,True,1.0,2.0,0.1,500,0,0,0,0.0,0.0,
50.0,stationary_AR,0.3,True,1.0,5.0,0.05,500,0,0,0,0.0,0.0,
50.0,stationary_AR,0.3,True,1.0,5.0,0.1,500,0,0,0,0.0,0.0,
50.0,stationary_AR,0.3,True,1.0,10.0,0.05,500,0,0,0,0.0,0.0,
50.0,stationary_AR,0.3,True,1.0,10.0,0.1,500,0,0,0,0.0,0.0,
50.0,stationary_AR,0.3,True,4.0,2.0,0.05,500,0,8,0,0.016,0.0,
50.0,stationary_AR,0.3,True,4.0,2.0,0.1,500,0,0,0,0.0,0.0,
50.0,stationary_AR,0.3,True,4.0,5.0,0.05,500,0,498,0,0.996,0.0,
50.0,stationary_AR,0.3,True,4.0,5.0,0.1,500,0,466,0,0.932,0.0,
50.0,stationary_AR,0.3,True,4.0,10.0,0.05,500,0,500,0,1.0,0.0,
50.0,stationary_AR,0.3,True,4.0,10.0,0.1,500,0,500,0,1.0,0.0,
100.0,transient,0.0,False,1.0,2.0,0.05,500,500,0,0,0.0,1.0,0.0
100.0,transient,0.0,False,1.0,2.0,0.1,500,500,0,0,0.0,1.0,0.0
100.0,transient,0.0,False,1.0,5.0,0.05,500,500,0,0,0.0,1.0,0.0
100.0,transient,0.0,False,1.0,5.0,0.1,500,500,0,0,0.0,1.0,0.0
100.0,transient,0.0,False,1.0,10.0,0.05,500,500,0,0,0.0,1.0,0.0
100.0,transient,0.0,False,1.0,10.0,0.1,500,500,0,0,0.0,1.0,0.0
100.0,transient,0.0,False,4.0,2.0,0.05,500,500,500,500,1.0,1.0,1.0
100.0,transient,0.0,False,4.0,2.0,0.1,500,500,0,0,0.0,1.0,0.0
100.0,transient,0.0,False,4.0,5.0,0.05,500,500,500,500,1.0,1.0,1.0
100.0,transient,0.0,False,4.0,5.0,0.1,500,500,500,500,1.0,1.0,1.0
100.0,transient,0.0,False,4.0,10.0,0.05,500,500,500,500,1.0,1.0,1.0
100.0,transient,0.0,False,4.0,10.0,0.1,500,500,500,500,1.0,1.0,1.0
100.0,transient,0.0,True,1.0,2.0,0.05,500,500,0,0,0.0,1.0,0.0
100.0,transient,0.0,True,1.0,2.0,0.1,500,500,0,0,0.0,1.0,0.0
100.0,transient,0.0,True,1.0,5.0,0.05,500,500,0,0,0.0,1.0,0.0
100.0,transient,0.0,True,1.0,5.0,0.1,500,500,0,0,0.0,1.0,0.0
100.0,transient,0.0,True,1.0,10.0,0.05,500,500,0,0,0.0,1.0,0.0
100.0,transient,0.0,True,1.0,10.0,0.1,500,500,0,0,0.0,1.0,0.0
100.0,transient,0.0,True,4.0,2.0,0.05,500,500,500,500,1.0,1.0,1.0
100.0,transient,0.0,True,4.0,2.0,0.1,500,500,0,0,0.0,1.0,0.0
100.0,transient,0.0,True,4.0,5.0,0.05,500,500,500,500,1.0,1.0,1.0
100.0,transient,0.0,True,4.0,5.0,0.1,500,500,500,500,1.0,1.0,1.0
100.0,transient,0.0,True,4.0,10.0,0.05,500,500,500,500,1.0,1.0,1.0
100.0,transient,0.0,True,4.0,10.0,0.1,500,500,500,500,1.0,1.0,1.0
100.0,transient,0.03,False,1.0,2.0,0.05,500,0,0,0,0.0,0.0,
100.0,transient,0.03,False,1.0,2.0,0.1,500,0,0,0,0.0,0.0,
100.0,transient,0.03,False,1.0,5.0,0.05,500,0,0,0,0.0,0.0,
100.0,transient,0.03,False,1.0,5.0,0.1,500,0,0,0,0.0,0.0,
100.0,transient,0.03,False,1.0,10.0,0.05,500,0,0,0,0.0,0.0,
100.0,transient,0.03,False,1.0,10.0,0.1,500,0,0,0,0.0,0.0,
100.0,transient,0.03,False,4.0,2.0,0.05,500,0,500,0,1.0,0.0,
100.0,transient,0.03,False,4.0,2.0,0.1,500,0,0,0,0.0,0.0,
100.0,transient,0.03,False,4.0,5.0,0.05,500,0,500,0,1.0,0.0,
100.0,transient,0.03,False,4.0,5.0,0.1,500,0,500,0,1.0,0.0,
100.0,transient,0.03,False,4.0,10.0,0.05,500,0,500,0,1.0,0.0,
100.0,transient,0.03,False,4.0,10.0,0.1,500,0,500,0,1.0,0.0,
100.0,transient,0.03,True,1.0,2.0,0.05,500,0,0,0,0.0,0.0,
100.0,transient,0.03,True,1.0,2.0,0.1,500,0,0,0,0.0,0.0,
100.0,transient,0.03,True,1.0,5.0,0.05,500,0,0,0,0.0,0.0,
100.0,transient,0.03,True,1.0,5.0,0.1,500,0,0,0,0.0,0.0,
100.0,transient,0.03,True,1.0,10.0,0.05,500,0,0,0,0.0,0.0,
100.0,transient,0.03,True,1.0,10.0,0.1,500,0,0,0,0.0,0.0,
100.0,transient,0.03,True,4.0,2.0,0.05,500,0,500,0,1.0,0.0,
100.0,transient,0.03,True,4.0,2.0,0.1,500,0,0,0,0.0,0.0,
100.0,transient,0.03,True,4.0,5.0,0.05,500,0,500,0,1.0,0.0,
100.0,transient,0.03,True,4.0,5.0,0.1,500,0,500,0,1.0,0.0,
100.0,transient,0.03,True,4.0,10.0,0.05,500,0,500,0,1.0,0.0,
100.0,transient,0.03,True,4.0,10.0,0.1,500,0,500,0,1.0,0.0,
100.0,transient,0.1,False,1.0,2.0,0.05,500,0,0,0,0.0,0.0,
100.0,transient,0.1,False,1.0,2.0,0.1,500,0,0,0,0.0,0.0,
100.0,transient,0.1,False,1.0,5.0,0.05,500,0,0,0,0.0,0.0,
100.0,transient,0.1,False,1.0,5.0,0.1,500,0,0,0,0.0,0.0,
100.0,transient,0.1,False,1.0,10.0,0.05,500,0,0,0,0.0,0.0,
100.0,transient,0.1,False,1.0,10.0,0.1,500,0,0,0,0.0,0.0,
100.0,transient,0.1,False,4.0,2.0,0.05,500,0,0,0,0.0,0.0,
100.0,transient,0.1,False,4.0,2.0,0.1,500,0,0,0,0.0,0.0,
100.0,transient,0.1,False,4.0,5.0,0.05,500,0,500,0,1.0,0.0,
100.0,transient,0.1,False,4.0,5.0,0.1,500,0,0,0,0.0,0.0,
100.0,transient,0.1,False,4.0,10.0,0.05,500,0,500,0,1.0,0.0,
100.0,transient,0.1,False,4.0,10.0,0.1,500,0,500,0,1.0,0.0,
100.0,transient,0.1,True,1.0,2.0,0.05,500,0,0,0,0.0,0.0,
100.0,transient,0.1,True,1.0,2.0,0.1,500,0,0,0,0.0,0.0,
100.0,transient,0.1,True,1.0,5.0,0.05,500,0,0,0,0.0,0.0,
100.0,transient,0.1,True,1.0,5.0,0.1,500,0,0,0,0.0,0.0,
100.0,transient,0.1,True,1.0,10.0,0.05,500,0,0,0,0.0,0.0,
100.0,transient,0.1,True,1.0,10.0,0.1,500,0,0,0,0.0,0.0,
100.0,transient,0.1,True,4.0,2.0,0.05,500,0,0,0,0.0,0.0,
100.0,transient,0.1,True,4.0,2.0,0.1,500,0,0,0,0.0,0.0,
100.0,transient,0.1,True,4.0,5.0,0.05,500,0,500,0,1.0,0.0,
100.0,transient,0.1,True,4.0,5.0,0.1,500,0,0,0,0.0,0.0,
100.0,transient,0.1,True,4.0,10.0,0.05,500,0,500,0,1.0,0.0,
100.0,transient,0.1,True,4.0,10.0,0.1,500,0,500,0,1.0,0.0,
100.0,transient,0.3,False,1.0,2.0,0.05,500,0,0,0,0.0,0.0,
100.0,transient,0.3,False,1.0,2.0,0.1,500,0,0,0,0.0,0.0,
100.0,transient,0.3,False,1.0,5.0,0.05,500,0,0,0,0.0,0.0,
100.0,transient,0.3,False,1.0,5.0,0.1,500,0,0,0,0.0,0.0,
100.0,transient,0.3,False,1.0,10.0,0.05,500,0,0,0,0.0,0.0,
100.0,transient,0.3,False,1.0,10.0,0.1,500,0,0,0,0.0,0.0,
100.0,transient,0.3,False,4.0,2.0,0.05,500,0,0,0,0.0,0.0,
100.0,transient,0.3,False,4.0,2.0,0.1,500,0,0,0,0.0,0.0,
100.0,transient,0.3,False,4.0,5.0,0.05,500,0,0,0,0.0,0.0,
100.0,transient,0.3,False,4.0,5.0,0.1,500,0,0,0,0.0,0.0,
100.0,transient,0.3,False,4.0,10.0,0.05,500,0,0,0,0.0,0.0,
100.0,transient,0.3,False,4.0,10.0,0.1,500,0,0,0,0.0,0.0,
100.0,transient,0.3,True,1.0,2.0,0.05,500,0,0,0,0.0,0.0,
100.0,transient,0.3,True,1.0,2.0,0.1,500,0,0,0,0.0,0.0,
100.0,transient,0.3,True,1.0,5.0,0.05,500,0,0,0,0.0,0.0,
100.0,transient,0.3,True,1.0,5.0,0.1,500,0,0,0,0.0,0.0,
100.0,transient,0.3,True,1.0,10.0,0.05,500,0,0,0,0.0,0.0,
100.0,transient,0.3,True,1.0,10.0,0.1,500,0,0,0,0.0,0.0,
100.0,transient,0.3,True,4.0,2.0,0.05,500,0,0,0,0.0,0.0,
100.0,transient,0.3,True,4.0,2.0,0.1,500,0,0,0,0.0,0.0,
100.0,transient,0.3,True,4.0,5.0,0.05,500,0,0,0,0.0,0.0,
100.0,transient,0.3,True,4.0,5.0,0.1,500,0,0,0,0.0,0.0,
100.0,transient,0.3,True,4.0,10.0,0.05,500,0,0,0,0.0,0.0,
100.0,transient,0.3,True,4.0,10.0,0.1,500,0,0,0,0.0,0.0,
100.0,stationary_AR,0.0,False,1.0,2.0,0.05,500,148,0,0,0.0,0.296,0.0
100.0,stationary_AR,0.0,False,1.0,2.0,0.1,500,148,0,0,0.0,0.296,0.0
100.0,stationary_AR,0.0,False,1.0,5.0,0.05,500,148,0,0,0.0,0.296,0.0
100.0,stationary_AR,0.0,False,1.0,5.0,0.1,500,148,0,0,0.0,0.296,0.0
100.0,stationary_AR,0.0,False,1.0,10.0,0.05,500,148,0,0,0.0,0.296,0.0
100.0,stationary_AR,0.0,False,1.0,10.0,0.1,500,148,0,0,0.0,0.296,0.0
100.0,stationary_AR,0.0,False,4.0,2.0,0.05,500,136,373,136,0.746,0.272,1.0
100.0,stationary_AR,0.0,False,4.0,2.0,0.1,500,136,0,0,0.0,0.272,0.0
100.0,stationary_AR,0.0,False,4.0,5.0,0.05,500,136,500,136,1.0,0.272,1.0
100.0,stationary_AR,0.0,False,4.0,5.0,0.1,500,136,478,136,0.956,0.272,1.0
100.0,stationary_AR,0.0,False,4.0,10.0,0.05,500,136,500,136,1.0,0.272,1.0
100.0,stationary_AR,0.0,False,4.0,10.0,0.1,500,136,500,136,1.0,0.272,1.0
100.0,stationary_AR,0.0,True,1.0,2.0,0.05,500,147,0,0,0.0,0.294,0.0
100.0,stationary_AR,0.0,True,1.0,2.0,0.1,500,147,0,0,0.0,0.294,0.0
100.0,stationary_AR,0.0,True,1.0,5.0,0.05,500,147,0,0,0.0,0.294,0.0
100.0,stationary_AR,0.0,True,1.0,5.0,0.1,500,147,0,0,0.0,0.294,0.0
100.0,stationary_AR,0.0,True,1.0,10.0,0.05,500,147,0,0,0.0,0.294,0.0
100.0,stationary_AR,0.0,True,1.0,10.0,0.1,500,147,0,0,0.0,0.294,0.0
100.0,stationary_AR,0.0,True,4.0,2.0,0.05,500,131,371,131,0.742,0.262,1.0
100.0,stationary_AR,0.0,True,4.0,2.0,0.1,500,131,0,0,0.0,0.262,0.0
100.0,stationary_AR,0.0,True,4.0,5.0,0.05,500,131,500,131,1.0,0.262,1.0
100.0,stationary_AR,0.0,True,4.0,5.0,0.1,500,131,483,131,0.966,0.262,1.0
100.0,stationary_AR,0.0,True,4.0,10.0,0.05,500,131,500,131,1.0,0.262,1.0
100.0,stationary_AR,0.0,True,4.0,10.0,0.1,500,131,500,131,1.0,0.262,1.0
100.0,stationary_AR,0.1,False,1.0,2.0,0.05,500,0,0,0,0.0,0.0,
100.0,stationary_AR,0.1,False,1.0,2.0,0.1,500,0,0,0,0.0,0.0,
100.0,stationary_AR,0.1,False,1.0,5.0,0.05,500,0,0,0,0.0,0.0,
100.0,stationary_AR,0.1,False,1.0,5.0,0.1,500,0,0,0,0.0,0.0,
100.0,stationary_AR,0.1,False,1.0,10.0,0.05,500,0,1,0,0.002,0.0,
100.0,stationary_AR,0.1,False,1.0,10.0,0.1,500,0,0,0,0.0,0.0,
100.0,stationary_AR,0.1,False,4.0,2.0,0.05,500,0,58,0,0.116,0.0,
100.0,stationary_AR,0.1,False,4.0,2.0,0.1,500,0,0,0,0.0,0.0,
100.0,stationary_AR,0.1,False,4.0,5.0,0.05,500,0,500,0,1.0,0.0,
100.0,stationary_AR,0.1,False,4.0,5.0,0.1,500,0,404,0,0.808,0.0,
100.0,stationary_AR,0.1,False,4.0,10.0,0.05,500,0,500,0,1.0,0.0,
100.0,stationary_AR,0.1,False,4.0,10.0,0.1,500,0,500,0,1.0,0.0,
100.0,stationary_AR,0.1,True,1.0,2.0,0.05,500,0,0,0,0.0,0.0,
100.0,stationary_AR,0.1,True,1.0,2.0,0.1,500,0,0,0,0.0,0.0,
100.0,stationary_AR,0.1,True,1.0,5.0,0.05,500,0,0,0,0.0,0.0,
100.0,stationary_AR,0.1,True,1.0,5.0,0.1,500,0,0,0,0.0,0.0,
100.0,stationary_AR,0.1,True,1.0,10.0,0.05,500,0,0,0,0.0,0.0,
100.0,stationary_AR,0.1,True,1.0,10.0,0.1,500,0,0,0,0.0,0.0,
100.0,stationary_AR,0.1,True,4.0,2.0,0.05,500,0,59,0,0.118,0.0,
100.0,stationary_AR,0.1,True,4.0,2.0,0.1,500,0,0,0,0.0,0.0,
100.0,stationary_AR,0.1,True,4.0,5.0,0.05,500,0,500,0,1.0,0.0,
100.0,stationary_AR,0.1,True,4.0,5.0,0.1,500,0,406,0,0.812,0.0,
100.0,stationary_AR,0.1,True,4.0,10.0,0.05,500,0,500,0,1.0,0.0,
100.0,stationary_AR,0.1,True,4.0,10.0,0.1,500,0,500,0,1.0,0.0,
100.0,stationary_AR,0.3,False,1.0,2.0,0.05,500,0,0,0,0.0,0.0,
100.0,stationary_AR,0.3,False,1.0,2.0,0.1,500,0,0,0,0.0,0.0,
100.0,stationary_AR,0.3,False,1.0,5.0,0.05,500,0,0,0,0.0,0.0,
100.0,stationary_AR,0.3,False,1.0,5.0,0.1,500,0,0,0,0.0,0.0,
100.0,stationary_AR,0.3,False,1.0,10.0,0.05,500,0,0,0,0.0,0.0,
100.0,stationary_AR,0.3,False,1.0,10.0,0.1,500,0,0,0,0.0,0.0,
100.0,stationary_AR,0.3,False,4.0,2.0,0.05,500,0,0,0,0.0,0.0,
100.0,stationary_AR,0.3,False,4.0,2.0,0.1,500,0,0,0,0.0,0.0,
100.0,stationary_AR,0.3,False,4.0,5.0,0.05,500,0,154,0,0.308,0.0,
100.0,stationary_AR,0.3,False,4.0,5.0,0.1,500,0,1,0,0.002,0.0,
100.0,stationary_AR,0.3,False,4.0,10.0,0.05,500,0,483,0,0.966,0.0,
100.0,stationary_AR,0.3,False,4.0,10.0,0.1,500,0,406,0,0.812,0.0,
100.0,stationary_AR,0.3,True,1.0,2.0,0.05,500,0,0,0,0.0,0.0,
100.0,stationary_AR,0.3,True,1.0,2.0,0.1,500,0,0,0,0.0,0.0,
100.0,stationary_AR,0.3,True,1.0,5.0,0.05,500,0,0,0,0.0,0.0,
100.0,stationary_AR,0.3,True,1.0,5.0,0.1,500,0,0,0,0.0,0.0,
100.0,stationary_AR,0.3,True,1.0,10.0,0.05,500,0,0,0,0.0,0.0,
100.0,stationary_AR,0.3,True,1.0,10.0,0.1,500,0,0,0,0.0,0.0,
100.0,stationary_AR,0.3,True,4.0,2.0,0.05,500,0,0,0,0.0,0.0,
100.0,stationary_AR,0.3,True,4.0,2.0,0.1,500,0,0,0,0.0,0.0,
100.0,stationary_AR,0.3,True,4.0,5.0,0.05,500,0,150,0,0.3,0.0,
100.0,stationary_AR,0.3,True,4.0,5.0,0.1,500,0,1,0,0.002,0.0,
100.0,stationary_AR,0.3,True,4.0,10.0,0.05,500,0,484,0,0.968,0.0,
100.0,stationary_AR,0.3,True,4.0,10.0,0.1,500,0,407,0,0.814,0.0,
