route,lag_ms,tolerance,mean,subjects_positive,n_subjects
standard,0,,1.317773880442542,44,44
hankel_d50,0,,1.8923703292206555,44,44
standard,2,0.05,0.7684895601485615,44,44
hankel_d50,2,0.05,1.786498840251221,44,44
standard,5,0.05,0.5563805698911298,41,44
hankel_d50,5,0.05,1.6267277427476357,44,44
standard,10,0.05,0.5853856665037753,42,44
hankel_d50,10,0.05,1.645638470099289,44,44
standard,2,0.1,0.9951233391360297,44,44
hankel_d50,2,0.1,1.868193159809884,44,44
standard,5,0.1,0.7792886015611014,44,44
hankel_d50,5,0.1,1.795344252026129,44,44
standard,10,0.1,0.705569113410291,42,44
hankel_d50,10,0.1,1.7526084942036535,44,44
