eps,support,hankel_mean,hankel_up,n_subjects,standard_mean,standard_up
0.05,3,0.9271657997461052,44,44,0.5057918967379028,44
0.05,5,0.8521674624085898,44,44,0.47810845365242244,44
0.05,7,0.7856744048007798,44,44,0.43834085714078075,43
0.1,3,1.7012866048447501,44,44,0.4422893964798292,37
0.1,5,1.6267277427476357,44,44,0.5563805698911298,41
0.1,7,1.558623420815749,44,44,0.6738034908601965,41
0.2,3,2.8643164250149664,44,44,0.03880844560184172,30
0.2,5,2.811212041823514,44,44,0.04327603196172299,30
0.2,7,2.7519027507753564,44,44,0.051362917316180035,30
