subset,metric,contrast,n_subjects,mean,median,ci_low,ci_high,subjects_up,subjects_down
rank50_matched,n_fast,hankel_d50,44,1.6267277427476357,1.5474137931034484,1.5004255572412581,1.7543163757539424,44,0
rank50_matched,n_fast,standard,44,0.5563805698911298,0.48210144927536236,0.4157788854860101,0.7165923517864297,41,3
rank50_matched,n_slow,hankel_d50,44,-0.3169155293933488,-0.3454433497536946,-0.40966008378225455,-0.21927925071935997,5,38
rank50_matched,n_slow,standard,44,-0.1812612303806317,-0.1953125,-0.23924106551513105,-0.118204013169864,6,38
rank50_matched,n_total,hankel_d50,44,1.3098122133542869,1.2411835748792273,1.1588697499710436,1.4692198021706877,44,0
rank50_matched,n_total,standard,44,0.3751193395104982,0.275,0.21793608963108926,0.5688666604633333,39,5
rank50_no_radial,n_fast,hankel_d50,44,1.8923703292206555,1.860188679245283,1.7919586413238002,1.9988667282327732,44,0
rank50_no_radial,n_fast,standard,44,1.317773880442542,1.2130434782608694,1.1297968175644106,1.5285729887367983,44,0
rank50_no_radial,n_slow,hankel_d50,44,-0.3173338571575355,-0.34425287356321843,-0.4100123084779027,-0.21926773613484787,5,38
rank50_no_radial,n_slow,standard,44,-0.1813020757421724,-0.1953125,-0.23941147775655944,-0.11844718318679692,6,38
rank50_no_radial,n_total,hankel_d50,44,1.5750364720631198,1.5488304093567251,1.456673940231957,1.697275257514717,44,0
rank50_no_radial,n_total,standard,44,1.1364718047003697,0.9465476190476191,0.9316178457314606,1.379657206849839,44,0
rank30_all,n_fast,hankel_d50,50,1.6115610592614564,1.5489377289377289,1.4823229541527536,1.7432218613766544,50,0
rank30_all,n_fast,standard,50,0.6869310706119127,0.6282608695652174,0.5421844592533674,0.8382651148655267,45,4
rank30_all,n_slow,hankel_d50,50,-0.39076236178317886,-0.41912820512820514,-0.48902900307180525,-0.2857996566657218,5,45
rank30_all,n_slow,standard,50,-0.21676583441103262,-0.23457880434782608,-0.28844529276058917,-0.14136515299307598,9,40
rank30_all,n_total,hankel_d50,50,1.2207986974782774,1.1557854137447405,1.1096091751206736,1.3335324750510782,50,0
rank30_all,n_total,standard,50,0.47016523620088024,0.3862771739130435,0.2984548184688325,0.6553858214799605,42,8
rank30_primary,n_fast,hankel_d50,44,1.6565277655030877,1.598809523809524,1.5205585257252818,1.7995656276622494,44,0
rank30_primary,n_fast,standard,44,0.8012054270098109,0.6622242647058825,0.6304550730954072,0.9975714155773493,43,1
rank30_primary,n_slow,hankel_d50,44,-0.4204452936730849,-0.4056666666666667,-0.5218571543105126,-0.3197225673480973,4,40
rank30_primary,n_slow,standard,44,-0.1944075708304922,-0.2296875,-0.2703865731380239,-0.11311933303378775,10,33
rank30_primary,n_total,hankel_d50,44,1.236082471830003,1.1943001060445386,1.1143847370509687,1.361769087085446,44,0
rank30_primary,n_total,standard,44,0.6067978561793188,0.4244485294117647,0.42487155972299173,0.8171327915115684,41,3
