subject,route,window,n_low_per_site_fit,n_high_per_site_fit,n_sites
sub-ccepAgeUMCU02,hankel_d50,early,1.2833333333333334,8.786666666666667,30
sub-ccepAgeUMCU02,hankel_d50,pre,0.9166666666666666,7.346666666666667,30
sub-ccepAgeUMCU02,standard,early,1.6466666666666667,4.39,30
sub-ccepAgeUMCU02,standard,pre,1.6166666666666667,3.853333333333333,30
sub-ccepAgeUMCU03,hankel_d50,early,1.8037037037037038,8.45185185185185,27
sub-ccepAgeUMCU03,hankel_d50,pre,1.0888888888888888,7.348148148148148,27
sub-ccepAgeUMCU03,standard,early,2.2962962962962963,3.5333333333333337,27
sub-ccepAgeUMCU03,standard,pre,1.537037037037037,1.5925925925925926,27
sub-ccepAgeUMCU04,hankel_d50,early,0.7238095238095238,7.873809523809523,42
sub-ccepAgeUMCU04,hankel_d50,pre,0.7976190476190477,6.578571428571429,42
sub-ccepAgeUMCU04,standard,early,1.4833333333333332,4.7214285714285715,42
sub-ccepAgeUMCU04,standard,pre,1.4095238095238096,4.714285714285714,42
sub-ccepAgeUMCU05,hankel_d50,early,0.63125,7.715625,32
sub-ccepAgeUMCU05,hankel_d50,pre,0.7,6.7,32
sub-ccepAgeUMCU05,standard,early,1.68125,4.375,32
sub-ccepAgeUMCU05,standard,pre,1.49375,4.4125,32
sub-ccepAgeUMCU06,hankel_d50,early,1.2159090909090908,8.450000000000001,44
sub-ccepAgeUMCU06,hankel_d50,pre,0.9318181818181818,7.5590909090909095,44
sub-ccepAgeUMCU06,standard,early,1.8409090909090908,4.179545454545455,44
sub-ccepAgeUMCU06,standard,pre,1.85,3.165909090909091,44
sub-ccepAgeUMCU07,hankel_d50,early,0.6735294117647059,8.626470588235295,34
sub-ccepAgeUMCU07,hankel_d50,pre,0.6294117647058823,7.367647058823529,34
sub-ccepAgeUMCU07,standard,early,1.7676470588235293,5.026470588235294,34
sub-ccepAgeUMCU07,standard,pre,1.5029411764705882,4.529411764705882,34
sub-ccepAgeUMCU08,hankel_d50,early,0.7,6.840000000000001,5
sub-ccepAgeUMCU08,hankel_d50,pre,0.6199999999999999,6.58,5
sub-ccepAgeUMCU08,standard,early,1.3199999999999998,3.9599999999999995,5
sub-ccepAgeUMCU08,standard,pre,1.42,4.3,5
sub-ccepAgeUMCU09,hankel_d50,early,1.4166666666666667,7.1,30
sub-ccepAgeUMCU09,hankel_d50,pre,1.1533333333333333,6.11,30
sub-ccepAgeUMCU09,standard,early,1.79,2.996666666666667,30
sub-ccepAgeUMCU09,standard,pre,1.55,3.1666666666666665,30
sub-ccepAgeUMCU10,hankel_d50,early,0.991304347826087,7.239130434782608,46
sub-ccepAgeUMCU10,hankel_d50,pre,1.091304347826087,5.852173913043478,46
sub-ccepAgeUMCU10,standard,early,1.5369565217391306,3.6369565217391306,46
sub-ccepAgeUMCU10,standard,pre,1.3978260869565218,3.6021739130434782,46
sub-ccepAgeUMCU11,hankel_d50,early,0.9833333333333333,7.055555555555555,18
sub-ccepAgeUMCU11,hankel_d50,pre,1.0,5.800000000000001,18
sub-ccepAgeUMCU11,standard,early,1.3944444444444446,2.911111111111111,18
sub-ccepAgeUMCU11,standard,pre,1.5499999999999998,2.611111111111111,18
sub-ccepAgeUMCU12,hankel_d50,early,0.7944444444444445,7.288888888888888,36
sub-ccepAgeUMCU12,hankel_d50,pre,0.9166666666666666,6.252777777777777,36
sub-ccepAgeUMCU12,standard,early,1.5194444444444446,4.486111111111111,36
sub-ccepAgeUMCU12,standard,pre,1.4833333333333334,4.35,36
sub-ccepAgeUMCU13,hankel_d50,early,1.19,9.040000000000001,10
sub-ccepAgeUMCU13,hankel_d50,pre,1.0100000000000002,7.5,10
sub-ccepAgeUMCU13,standard,early,1.8,4.64,10
sub-ccepAgeUMCU13,standard,pre,1.6199999999999999,4.13,10
sub-ccepAgeUMCU14,hankel_d50,early,0.8413793103448275,7.455172413793104,29
sub-ccepAgeUMCU14,hankel_d50,pre,0.8517241379310344,6.372413793103449,29
sub-ccepAgeUMCU14,standard,early,1.306896551724138,4.706896551724138,29
sub-ccepAgeUMCU14,standard,pre,1.303448275862069,4.513793103448276,29
sub-ccepAgeUMCU15,hankel_d50,early,1.1282051282051282,7.915384615384615,39
sub-ccepAgeUMCU15,hankel_d50,pre,0.905128205128205,6.2384615384615385,39
sub-ccepAgeUMCU15,standard,early,1.8051282051282054,3.4974358974358974,39
sub-ccepAgeUMCU15,standard,pre,1.517948717948718,3.5948717948717945,39
sub-ccepAgeUMCU16,hankel_d50,early,0.9263157894736843,7.894736842105263,19
sub-ccepAgeUMCU16,hankel_d50,pre,0.9052631578947368,6.684210526315789,19
sub-ccepAgeUMCU16,standard,early,1.5736842105263158,4.578947368421052,19
sub-ccepAgeUMCU16,standard,pre,1.3473684210526315,4.478947368421053,19
sub-ccepAgeUMCU17,hankel_d50,early,0.7620689655172415,7.362068965517241,29
sub-ccepAgeUMCU17,hankel_d50,pre,0.8379310344827586,6.396551724137931,29
sub-ccepAgeUMCU17,standard,early,1.5275862068965516,4.672413793103448,29
sub-ccepAgeUMCU17,standard,pre,1.3620689655172413,4.720689655172414,29
sub-ccepAgeUMCU18,hankel_d50,early,1.4707317073170734,6.865853658536586,41
sub-ccepAgeUMCU18,hankel_d50,pre,0.8414634146341463,6.251219512195123,41
sub-ccepAgeUMCU18,standard,early,1.7780487804878051,3.4878048780487805,41
sub-ccepAgeUMCU18,standard,pre,1.7414634146341466,3.4951219512195126,41
sub-ccepAgeUMCU19,hankel_d50,early,1.1517241379310343,7.451724137931034,29
sub-ccepAgeUMCU19,hankel_d50,pre,0.8310344827586207,6.727586206896552,29
sub-ccepAgeUMCU19,standard,early,1.9655172413793103,3.4655172413793105,29
sub-ccepAgeUMCU19,standard,pre,1.9344827586206896,3.0413793103448277,29
sub-ccepAgeUMCU20,hankel_d50,early,1.1714285714285715,8.430612244897958,49
sub-ccepAgeUMCU20,hankel_d50,pre,0.8122448979591836,7.195918367346939,49
sub-ccepAgeUMCU20,standard,early,1.4551020408163264,4.555102040816326,49
sub-ccepAgeUMCU20,standard,pre,1.5265306122448978,4.036734693877551,49
sub-ccepAgeUMCU21,hankel_d50,early,1.0,8.5,1
sub-ccepAgeUMCU21,hankel_d50,pre,0.7,6.4,1
sub-ccepAgeUMCU21,standard,early,2.3,3.2,1
sub-ccepAgeUMCU21,standard,pre,1.6,1.6,1
sub-ccepAgeUMCU22,hankel_d50,early,0.8166666666666668,8.483333333333333,12
sub-ccepAgeUMCU22,hankel_d50,pre,0.6416666666666667,7.2250000000000005,12
sub-ccepAgeUMCU22,standard,early,1.7750000000000001,4.55,12
sub-ccepAgeUMCU22,standard,pre,1.25,4.625,12
sub-ccepAgeUMCU23,hankel_d50,early,0.890909090909091,8.181818181818182,22
sub-ccepAgeUMCU23,hankel_d50,pre,0.8409090909090909,6.709090909090909,22
sub-ccepAgeUMCU23,standard,early,1.6181818181818182,4.209090909090909,22
sub-ccepAgeUMCU23,standard,pre,1.9181818181818182,2.859090909090909,22
sub-ccepAgeUMCU24,hankel_d50,early,0.8065217391304348,7.623913043478261,46
sub-ccepAgeUMCU24,hankel_d50,pre,0.732608695652174,6.595652173913043,46
sub-ccepAgeUMCU24,standard,early,1.5956521739130436,4.956521739130435,46
sub-ccepAgeUMCU24,standard,pre,1.315217391304348,4.610869565217391,46
sub-ccepAgeUMCU25,hankel_d50,early,0.9847826086956522,7.734782608695652,46
sub-ccepAgeUMCU25,hankel_d50,pre,0.7934782608695652,6.682608695652173,46
sub-ccepAgeUMCU25,standard,early,1.6934782608695653,4.478260869565218,46
sub-ccepAgeUMCU25,standard,pre,1.5804347826086957,4.078260869565217,46
sub-ccepAgeUMCU26,hankel_d50,early,1.0578947368421054,8.56842105263158,19
sub-ccepAgeUMCU26,hankel_d50,pre,0.9789473684210527,7.157894736842105,19
sub-ccepAgeUMCU26,standard,early,1.4105263157894736,4.631578947368421,19
sub-ccepAgeUMCU26,standard,pre,1.6736842105263159,4.052631578947368,19
sub-ccepAgeUMCU27,hankel_d50,early,1.503125,5.56875,32
sub-ccepAgeUMCU27,hankel_d50,pre,1.278125,5.025,32
sub-ccepAgeUMCU27,standard,early,2.00625,1.046875,32
sub-ccepAgeUMCU27,standard,pre,1.709375,0.85625,32
sub-ccepAgeUMCU28,hankel_d50,early,1.012,8.138,50
sub-ccepAgeUMCU28,hankel_d50,pre,0.752,6.57,50
sub-ccepAgeUMCU28,standard,early,1.636,4.896,50
sub-ccepAgeUMCU28,standard,pre,1.578,4.504,50
sub-ccepAgeUMCU29,hankel_d50,early,1.0272727272727273,6.306060606060606,33
sub-ccepAgeUMCU29,hankel_d50,pre,0.8909090909090909,5.46969696969697,33
sub-ccepAgeUMCU29,standard,early,1.621212121212121,1.9363636363636363,33
sub-ccepAgeUMCU29,standard,pre,1.5151515151515151,1.8303030303030303,33
sub-ccepAgeUMCU30,hankel_d50,early,1.04,6.6339999999999995,50
sub-ccepAgeUMCU30,hankel_d50,pre,1.104,6.093999999999999,50
sub-ccepAgeUMCU30,standard,early,1.402,4.138,50
sub-ccepAgeUMCU30,standard,pre,1.376,4.148,50
sub-ccepAgeUMCU31,hankel_d50,early,1.0833333333333333,7.466666666666666,6
sub-ccepAgeUMCU31,hankel_d50,pre,0.9833333333333334,6.3500000000000005,6
sub-ccepAgeUMCU31,standard,early,1.7,4.516666666666667,6
sub-ccepAgeUMCU31,standard,pre,1.3499999999999999,4.616666666666667,6
sub-ccepAgeUMCU32,hankel_d50,early,1.3317073170731708,6.124390243902439,41
sub-ccepAgeUMCU32,hankel_d50,pre,1.224390243902439,4.809756097560975,41
sub-ccepAgeUMCU32,standard,early,1.673170731707317,1.9341463414634146,41
sub-ccepAgeUMCU32,standard,pre,1.4536585365853658,1.775609756097561,41
sub-ccepAgeUMCU33,hankel_d50,early,0.8542857142857142,7.025714285714286,35
sub-ccepAgeUMCU33,hankel_d50,pre,0.86,6.445714285714286,35
sub-ccepAgeUMCU33,standard,early,1.4800000000000002,3.1028571428571428,35
sub-ccepAgeUMCU33,standard,pre,1.6485714285714286,3.517142857142857,35
sub-ccepAgeUMCU35,hankel_d50,early,0.9723404255319149,7.531914893617022,47
sub-ccepAgeUMCU35,hankel_d50,pre,0.8468085106382978,6.297872340425532,47
sub-ccepAgeUMCU35,standard,early,1.5957446808510638,3.5936170212765957,47
sub-ccepAgeUMCU35,standard,pre,1.4702127659574467,3.8893617021276596,47
sub-ccepAgeUMCU37,hankel_d50,early,1.1199999999999999,6.68,5
sub-ccepAgeUMCU37,hankel_d50,pre,1.06,6.0600000000000005,5
sub-ccepAgeUMCU37,standard,early,1.56,3.8600000000000003,5
sub-ccepAgeUMCU37,standard,pre,1.42,4.1,5
sub-ccepAgeUMCU38,hankel_d50,early,1.0941176470588236,8.170588235294119,17
sub-ccepAgeUMCU38,hankel_d50,pre,0.9411764705882353,7.0588235294117645,17
sub-ccepAgeUMCU38,standard,early,1.6176470588235294,4.535294117647059,17
sub-ccepAgeUMCU38,standard,pre,1.488235294117647,4.323529411764706,17
sub-ccepAgeUMCU40,hankel_d50,early,0.9571428571428572,5.728571428571429,21
sub-ccepAgeUMCU40,hankel_d50,pre,0.9142857142857143,5.538095238095238,21
sub-ccepAgeUMCU40,standard,early,1.538095238095238,2.757142857142857,21
sub-ccepAgeUMCU40,standard,pre,1.4761904761904763,2.638095238095238,21
sub-ccepAgeUMCU41,hankel_d50,early,1.1089285714285715,8.814285714285715,56
sub-ccepAgeUMCU41,hankel_d50,pre,0.8875000000000001,6.810714285714285,56
sub-ccepAgeUMCU41,standard,early,1.7642857142857142,4.980357142857143,56
sub-ccepAgeUMCU41,standard,pre,1.3892857142857142,4.305357142857143,56
sub-ccepAgeUMCU42,hankel_d50,early,1.0056603773584905,7.401886792452831,53
sub-ccepAgeUMCU42,hankel_d50,pre,0.8490566037735849,6.324528301886792,53
sub-ccepAgeUMCU42,standard,early,1.5264150943396229,4.132075471698113,53
sub-ccepAgeUMCU42,standard,pre,1.4018867924528302,4.220754716981132,53
sub-ccepAgeUMCU43,hankel_d50,early,0.8586956521739131,7.195652173913044,46
sub-ccepAgeUMCU43,hankel_d50,pre,0.9217391304347826,6.132608695652174,46
sub-ccepAgeUMCU43,standard,early,1.4869565217391305,4.304347826086956,46
sub-ccepAgeUMCU43,standard,pre,1.3565217391304347,4.252173913043478,46
sub-ccepAgeUMCU44,hankel_d50,early,1.1673913043478261,6.752173913043479,46
sub-ccepAgeUMCU44,hankel_d50,pre,0.8673913043478261,5.53695652173913,46
sub-ccepAgeUMCU44,standard,early,1.8282608695652172,2.7065217391304346,46
sub-ccepAgeUMCU44,standard,pre,1.5999999999999999,2.4782608695652173,46
sub-ccepAgeUMCU46,hankel_d50,early,1.2419354838709677,6.158064516129032,31
sub-ccepAgeUMCU46,hankel_d50,pre,0.8935483870967742,5.445161290322581,31
sub-ccepAgeUMCU46,standard,early,1.6870967741935485,2.5032258064516126,31
sub-ccepAgeUMCU46,standard,pre,1.461290322580645,2.635483870967742,31
sub-ccepAgeUMCU47,hankel_d50,early,0.8666666666666667,7.641666666666667,12
sub-ccepAgeUMCU47,hankel_d50,pre,0.9416666666666668,6.358333333333333,12
sub-ccepAgeUMCU47,standard,early,1.6666666666666667,4.466666666666667,12
sub-ccepAgeUMCU47,standard,pre,1.5666666666666667,4.133333333333334,12
sub-ccepAgeUMCU48,hankel_d50,early,1.6,8.7,1
sub-ccepAgeUMCU48,hankel_d50,pre,0.9,6.6,1
sub-ccepAgeUMCU48,standard,early,1.3,4.6,1
sub-ccepAgeUMCU48,standard,pre,1.5,4.1,1
sub-ccepAgeUMCU71,hankel_d50,early,1.5,9.0,1
sub-ccepAgeUMCU71,hankel_d50,pre,1.0,6.9,1
sub-ccepAgeUMCU71,standard,early,1.6,3.9,1
sub-ccepAgeUMCU71,standard,pre,2.3,3.8,1
